7,0,0,0,0,0,0,0,0,0,0,0,0,0,0,0,0,0,0,0,0,0,0,0,0,0,0,0,0,0,0,0,0,0,0,0,0,0,0,0,0,0,0,0,0,0,0,0,0,0,0,0,0,0,0,0,0,0,0,0,0,0,0,0,0,0,0,0,0,0,0,0,0,0,0,0,0,0,0,0,0,0,0,0,0,0,0,0,0,0,0,0,0,0,0,0,0,0,0,0,0,0,0,0,0,0,0,0,0,0,0,0,0,0,0,0,0,0,0,0,0,0,0,0,0,0,0,0,0,0,0,0,0,0,0,0,0,0,0,0,0,0,0,0,0,0,0,0,0,0,0,0,0,0,0,0,0,0,0,0,0,0,0,0,0,0,0,0,0,0,0,0,0,0,0,0,84,222,67,0,0,0,0,0,0,0,0,0,0,0,0,0,0,0,0,0,0,0,0,0,0,0,0,0,185,254,114,0,0,0,0,0,0,0,0,0,0,0,0,0,0,0,0,0,0,0,0,0,0,0,0,0,159,254,72,0,0,0,0,0,0,0,0,0,0,0,0,0,0,0,0,0,0,0,0,0,0,0,0,0,151,254,114,0,0,0,0,0,0,0,0,0,0,0,0,0,0,0,0,0,0,0,0,0,0,0,0,0,60,254,163,0,0,0,0,0,0,0,0,0,0,0,0,0,0,61,121,121,0,0,0,0,0,0,0,0,36,241,227,17,0,0,0,0,0,0,0,0,0,0,0,31,133,242,254,254,0,0,0,0,0,0,0,0,0,198,254,66,0,0,0,0,0,0,0,0,0,3,38,224,254,254,254,207,0,0,0,0,0,0,0,0,0,198,225,14,0,0,0,0,0,0,0,0,19,203,254,254,254,254,219,18,0,0,0,0,0,0,0,0,0,198,254,67,0,0,0,0,0,0,0,75,221,254,254,115,52,52,40,0,0,0,0,0,0,0,0,0,0,198,254,67,0,0,0,0,0,9,126,251,254,219,77,1,0,0,0,0,0,0,0,0,0,0,0,0,0,198,254,67,0,0,0,59,133,205,254,240,166,35,0,0,0,0,0,0,0,0,0,0,0,0,0,0,0,198,250,59,0,22,129,249,254,248,182,57,0,0,0,0,0,0,0,0,0,0,0,0,0,0,0,0,0,198,229,21,83,233,254,254,187,58,0,0,0,0,0,0,0,0,0,0,0,0,0,0,0,0,0,0,0,198,254,236,253,255,238,62,5,0,0,0,0,0,0,0,0,0,0,0,0,0,0,0,0,0,0,0,0,170,254,254,209,83,44,0,0,0,0,0,0,0,0,0,0,0,0,0,0,0,0,0,0,0,0,0,0,52,140,106,18,0,0,0,0,0,0,0,0,0,0,0,0,0,0,0,0,0,0,0,0,0,0,0,0,0,0,0,0,0,0,0,0,0,0,0,0,0,0,0,0,0,0,0,0,0,0,0,0,0,0,0,0,0,0,0,0,0,0,0,0,0,0,0,0,0,0,0,0,0,0,0,0,0,0,0,0,0,0,0,0,0,0,0,0,0,0,0,0,0,0,0,0,0,0,0,0,0,0,0,0,0,0,0,0,0,0,0,0,0,0,0,0,0,0,0,0,0,0,0,0,0,0,0,0,0,0,0,0,0,0,0,0,0,0,0,0,0,0,0,0,0,0,0,0,0,0,0,0,0,0,0,0,0,0,0,0,0,0,0,0,0,0,0,0,0,0,0,0,0,0,0,0,0,0,0,0,0,0,0,0,0,0,0,0
1,0,0,0,0,0,0,0,0,0,0,0,0,0,0,0,0,0,0,0,0,0,0,0,0,0,0,0,0,0,0,0,0,0,0,0,0,0,0,0,0,0,0,0,0,0,0,0,0,0,0,0,0,0,0,0,0,0,0,0,0,0,0,0,0,0,0,0,0,0,0,0,0,0,0,0,0,0,0,0,0,0,0,0,0,0,0,0,0,0,0,0,0,0,0,0,0,0,0,0,0,0,0,0,0,0,0,0,0,0,0,0,0,0,0,0,0,0,0,0,0,0,0,0,0,0,0,0,0,0,0,0,0,0,0,0,0,0,0,0,0,0,0,0,0,0,0,0,0,0,0,0,0,0,0,0,0,0,0,0,0,0,0,0,0,0,0,0,0,0,0,0,0,0,0,0,0,0,0,0,0,0,0,0,0,0,0,0,0,0,0,0,0,0,0,0,0,0,0,0,0,0,0,0,0,0,0,0,0,0,0,0,0,0,0,0,0,0,0,0,0,0,0,0,0,0,0,0,0,0,0,0,0,0,0,0,0,0,0,0,0,0,0,0,0,0,0,0,0,0,0,0,0,0,0,0,0,0,0,0,0,0,0,0,0,0,0,0,0,0,0,0,0,0,0,0,0,0,0,0,0,0,0,0,0,0,0,0,0,0,0,0,0,0,0,0,0,0,0,0,0,0,0,10,5,0,0,0,0,0,0,0,0,0,0,0,0,0,0,0,0,0,0,0,0,0,0,0,0,61,141,215,198,0,0,0,0,0,0,0,0,0,0,0,0,0,0,0,0,0,0,0,0,24,120,151,228,251,254,254,176,0,0,0,0,0,0,0,0,0,0,0,0,0,0,0,0,0,57,124,171,232,254,254,254,254,205,121,10,0,0,0,0,0,0,0,0,0,0,0,0,0,0,32,95,140,237,255,254,215,159,142,66,66,3,0,0,0,0,0,0,0,0,0,0,0,0,0,45,84,202,254,254,254,205,165,81,0,0,0,0,0,0,0,0,0,0,0,0,0,0,0,0,38,87,135,244,254,223,216,195,77,8,0,0,0,0,0,0,0,0,0,0,0,0,0,0,0,0,0,0,254,252,241,150,63,11,0,0,0,0,0,0,0,0,0,0,0,0,0,0,0,0,0,0,0,0,0,0,109,82,0,0,0,0,0,0,0,0,0,0,0,0,0,0,0,0,0,0,0,0,0,0,0,0,0,0,0,0,0,0,0,0,0,0,0,0,0,0,0,0,0,0,0,0,0,0,0,0,0,0,0,0,0,0,0,0,0,0,0,0,0,0,0,0,0,0,0,0,0,0,0,0,0,0,0,0,0,0,0,0,0,0,0,0,0,0,0,0,0,0,0,0,0,0,0,0,0,0,0,0,0,0,0,0,0,0,0,0,0,0,0,0,0,0,0,0,0,0,0,0,0,0,0,0,0,0,0,0,0,0,0,0,0,0,0,0,0,0,0,0,0,0,0,0,0,0,0,0,0,0,0,0,0,0,0,0,0,0,0,0,0,0,0,0,0,0,0,0,0,0,0,0,0,0,0,0,0,0,0,0,0,0,0,0,0,0,0,0,0,0,0,0,0,0,0,0,0,0,0,0,0,0,0,0,0,0,0,0,0,0,0,0,0,0,0,0,0,0,0,0,0,0,0,0,0,0,0,0,0,0,0,0,0,0,0,0,0,0,0,0,0,0,0,0,0,0,0,0,0,0,0,0,0,0,0,0,0,0,0,0,0,0,0,0,0,0,0,0,0,0,0,0,0,0
0,0,0,0,0,0,0,0,0,0,0,0,0,0,0,0,0,0,0,0,0,0,0,0,0,0,0,0,0,0,0,0,0,0,0,0,0,0,0,0,0,0,0,0,0,0,0,0,0,0,0,0,0,0,0,0,0,0,0,0,0,0,0,0,0,0,0,0,0,0,0,0,0,0,0,0,0,0,0,0,0,0,0,0,0,0,0,0,0,0,0,0,0,0,0,0,0,0,0,0,0,0,0,0,0,0,0,0,0,0,0,0,0,0,0,0,0,0,0,0,0,0,0,0,0,0,0,0,0,0,0,0,0,0,0,0,0,0,0,0,0,0,0,0,0,0,0,0,0,0,0,0,0,0,0,0,0,0,0,0,0,0,0,0,0,0,0,0,0,0,0,0,0,0,0,0,0,0,0,0,0,0,0,0,0,0,0,0,0,0,0,0,0,0,0,0,0,0,0,0,0,0,0,0,0,0,0,0,32,37,37,37,140,217,217,217,218,113,31,0,0,0,0,0,0,0,0,0,0,0,0,0,0,0,0,63,231,251,251,253,251,251,251,251,253,251,230,62,0,0,0,0,0,0,0,0,0,0,0,0,0,0,182,221,251,251,251,253,251,251,251,251,253,251,251,142,0,0,0,0,0,0,0,0,0,0,0,0,110,253,255,253,253,253,201,0,0,0,0,0,73,253,253,253,72,0,0,0,0,0,0,0,0,0,0,21,190,251,253,251,251,188,30,0,0,0,0,0,73,251,251,251,174,0,0,0,0,0,0,0,0,11,37,197,251,251,253,251,220,20,0,0,0,0,0,0,228,251,251,251,251,0,0,0,0,0,0,0,0,150,251,251,251,251,253,251,137,0,0,0,0,0,0,0,253,251,251,251,173,0,0,0,0,0,0,0,0,253,251,251,251,251,253,147,10,0,0,0,0,0,0,0,253,251,251,251,71,0,0,0,0,0,0,0,0,202,253,253,253,253,234,77,0,0,0,0,0,0,0,182,255,253,253,253,72,0,0,0,0,0,0,0,0,31,107,107,169,251,222,62,0,0,0,0,0,21,144,221,253,251,230,107,30,0,0,0,0,0,0,0,0,0,0,0,109,251,253,128,31,0,0,0,0,63,251,251,253,251,189,0,0,0,0,0,0,0,0,0,0,0,0,0,62,220,253,251,230,109,31,32,109,231,251,251,253,251,35,0,0,0,0,0,0,0,0,0,0,0,0,0,0,51,253,251,251,251,200,202,251,251,251,251,253,147,10,0,0,0,0,0,0,0,0,0,0,0,0,0,0,0,0,105,243,253,253,255,253,253,221,180,0,0,0,0,0,0,0,0,0,0,0,0,0,0,0,0,0,0,0,0,113,251,251,253,251,230,61,0,0,0,0,0,0,0,0,0,0,0,0,0,0,0,0,0,0,0,0,0,5,35,35,164,35,30,0,0,0,0,0,0,0,0,0,0,0,0,0,0,0,0,0,0,0,0,0,0,0,0,0,0,0,0,0,0,0,0,0,0,0,0,0,0,0,0,0,0,0,0,0,0,0,0,0,0,0,0,0,0,0,0,0,0,0,0,0,0,0,0,0,0,0,0,0,0,0,0,0,0,0,0,0,0,0,0,0,0,0,0,0,0,0,0,0,0,0,0,0,0,0,0,0,0,0,0,0,0,0,0,0,0,0,0,0,0,0,0,0,0,0,0,0,0,0,0,0,0,0,0,0,0,0,0,0,0,0,0,0,0,0,0,0,0,0,0,0,0,0,0,0,0,0,0,0,0,0
4,0,0,0,0,0,0,0,0,0,0,0,0,0,0,0,0,0,0,0,0,0,0,0,0,0,0,0,0,0,0,0,0,0,0,0,0,0,0,0,0,0,0,0,0,0,0,0,0,0,0,0,0,0,0,0,0,0,0,0,0,0,0,0,0,0,0,0,0,0,0,0,0,0,0,0,0,0,0,0,0,0,0,0,0,0,0,0,0,0,0,0,0,0,0,0,0,0,0,0,0,0,0,0,0,0,0,0,0,0,0,0,0,0,0,0,0,0,0,0,0,0,0,0,0,0,0,0,0,0,0,0,0,0,0,0,0,0,0,0,0,0,0,0,0,0,0,0,0,0,0,0,0,0,0,0,0,0,0,0,0,0,0,0,0,0,0,0,0,0,0,0,0,0,0,0,0,0,0,0,0,0,15,22,9,0,0,0,0,0,0,0,0,0,0,0,0,0,0,0,0,0,0,0,0,0,0,0,84,169,225,252,204,169,41,0,0,0,0,0,0,0,0,0,0,0,0,0,0,0,0,0,0,0,45,168,242,252,252,164,209,252,170,0,0,0,0,0,0,0,0,0,0,0,0,0,0,0,0,0,4,69,236,247,211,106,0,0,18,199,245,49,0,0,0,0,0,0,0,0,0,0,0,0,0,0,50,121,195,252,217,53,0,0,0,0,0,85,252,84,0,0,0,0,0,0,0,0,0,0,0,0,0,0,224,231,231,134,12,0,0,0,0,0,0,85,252,84,0,0,0,0,0,0,0,0,0,0,0,0,0,0,0,0,0,0,0,0,0,0,0,0,0,85,252,84,0,0,0,0,0,0,0,0,0,0,0,0,0,0,0,0,0,0,0,0,0,0,0,0,0,85,252,84,0,0,0,0,0,0,0,0,0,0,0,0,0,0,0,0,0,0,0,0,0,0,0,0,0,129,232,0,0,0,0,0,0,0,0,0,0,0,0,0,0,0,0,0,0,0,0,0,0,0,0,0,0,164,231,0,0,0,0,0,0,0,0,0,0,0,0,0,0,0,0,0,0,0,0,0,0,0,0,0,22,195,251,161,127,128,127,135,232,179,0,0,0,0,0,0,0,0,0,0,0,0,0,0,0,32,134,169,253,252,252,252,252,253,252,252,236,66,0,0,0,0,0,0,0,0,0,0,0,0,0,18,141,232,252,252,253,252,252,252,252,253,252,244,111,0,0,0,0,0,0,0,0,0,70,148,96,114,192,255,253,250,211,167,107,106,9,0,45,0,0,0,0,0,0,0,0,0,0,0,0,0,29,168,210,252,252,253,189,66,0,0,0,0,0,0,0,0,0,0,0,0,0,0,0,0,0,0,0,0,0,0,11,21,21,21,5,0,0,0,0,0,0,0,0,0,0,0,0,0,0,0,0,0,0,0,0,0,0,0,0,0,0,0,0,0,0,0,0,0,0,0,0,0,0,0,0,0,0,0,0,0,0,0,0,0,0,0,0,0,0,0,0,0,0,0,0,0,0,0,0,0,0,0,0,0,0,0,0,0,0,0,0,0,0,0,0,0,0,0,0,0,0,0,0,0,0,0,0,0,0,0,0,0,0,0,0,0,0,0,0,0,0,0,0,0,0,0,0,0,0,0,0,0,0,0,0,0,0,0,0,0,0,0,0,0,0,0,0,0,0,0,0,0,0,0,0,0,0,0,0,0,0,0,0,0,0,0,0,0,0,0,0,0,0,0,0,0,0,0,0,0,0,0,0,0,0,0,0,0,0,0,0,0,0,0,0,0,0,0,0
1,0,0,0,0,0,0,0,0,0,0,0,0,0,0,0,0,0,0,0,0,0,0,0,0,0,0,0,0,0,0,0,0,0,0,0,0,0,0,0,0,0,0,0,0,0,0,0,0,0,0,0,0,0,0,0,0,0,0,0,0,0,0,0,0,0,0,0,0,0,0,0,0,0,0,0,0,0,0,0,0,0,0,0,0,0,0,0,0,0,0,0,0,0,0,0,0,0,0,0,0,0,0,0,0,0,0,0,0,0,0,0,0,0,0,0,0,0,0,0,0,0,0,0,0,0,0,0,0,0,0,0,0,0,0,0,0,0,0,0,0,0,0,0,0,0,0,0,0,0,0,0,0,0,0,0,0,0,0,0,0,0,0,0,0,0,0,0,0,0,0,0,0,0,0,0,0,0,0,0,0,0,0,0,0,0,0,0,0,0,0,0,0,0,0,0,0,0,0,0,0,0,0,0,0,0,0,0,0,0,0,0,0,0,0,0,0,0,0,0,0,0,0,0,0,0,0,0,0,0,0,0,0,0,0,0,0,0,0,0,0,0,0,0,0,0,0,0,0,0,0,0,0,0,0,0,0,0,0,0,0,0,0,0,0,0,0,0,0,0,0,0,0,0,0,0,0,0,0,0,0,0,0,0,0,0,0,0,0,0,0,0,0,0,0,0,0,0,0,0,0,0,0,5,3,0,0,0,0,0,0,0,0,0,0,0,0,0,0,0,0,0,0,0,0,0,0,28,86,105,175,211,158,26,0,0,0,0,0,0,0,0,0,0,0,0,0,0,0,0,0,0,60,79,163,252,254,254,254,254,254,157,0,0,0,0,0,0,0,0,0,0,0,0,0,0,0,58,111,163,252,254,254,254,254,234,204,196,160,107,0,0,0,0,0,0,0,0,0,0,0,7,53,134,196,254,254,254,254,254,238,210,131,20,5,0,0,0,0,0,0,0,0,0,0,0,0,19,81,203,254,254,254,254,254,238,223,154,53,0,0,0,0,0,0,0,0,0,0,0,0,0,0,0,77,227,254,254,254,254,248,237,132,28,0,0,0,0,0,0,0,0,0,0,0,0,0,0,0,0,0,0,254,254,254,254,250,180,48,0,0,0,0,0,0,0,0,0,0,0,0,0,0,0,0,0,0,0,0,0,107,254,165,73,0,0,0,0,0,0,0,0,0,0,0,0,0,0,0,0,0,0,0,0,0,0,0,0,3,9,1,0,0,0,0,0,0,0,0,0,0,0,0,0,0,0,0,0,0,0,0,0,0,0,0,0,0,0,0,0,0,0,0,0,0,0,0,0,0,0,0,0,0,0,0,0,0,0,0,0,0,0,0,0,0,0,0,0,0,0,0,0,0,0,0,0,0,0,0,0,0,0,0,0,0,0,0,0,0,0,0,0,0,0,0,0,0,0,0,0,0,0,0,0,0,0,0,0,0,0,0,0,0,0,0,0,0,0,0,0,0,0,0,0,0,0,0,0,0,0,0,0,0,0,0,0,0,0,0,0,0,0,0,0,0,0,0,0,0,0,0,0,0,0,0,0,0,0,0,0,0,0,0,0,0,0,0,0,0,0,0,0,0,0,0,0,0,0,0,0,0,0,0,0,0,0,0,0,0,0,0,0,0,0,0,0,0,0,0,0,0,0,0,0,0,0,0,0,0,0,0,0,0,0,0,0,0,0,0,0,0,0,0,0,0,0,0,0,0,0,0,0,0,0,0,0,0,0,0,0,0,0,0,0,0,0,0,0,0,0,0,0,0,0,0
4,0,0,0,0,0,0,0,0,0,0,0,0,0,0,0,0,0,0,0,0,0,0,0,0,0,0,0,0,0,0,0,0,0,0,0,0,0,0,0,0,0,0,0,0,0,0,0,0,0,0,0,0,0,0,0,0,0,0,0,0,0,0,0,0,0,0,0,0,0,0,0,0,0,0,0,0,0,0,0,0,0,0,0,0,0,0,0,0,0,0,0,0,0,0,0,0,0,0,0,0,0,0,0,0,0,0,0,0,0,0,0,0,0,0,0,0,0,0,0,0,0,0,0,0,0,0,0,0,0,0,0,0,0,0,0,0,0,0,0,0,0,0,0,0,0,0,0,0,0,0,0,0,0,0,0,0,0,0,0,0,0,0,0,0,0,0,0,0,0,0,0,0,0,0,0,0,0,22,163,162,162,51,0,0,0,0,0,0,0,0,0,0,0,0,0,0,0,0,0,0,0,0,0,20,70,153,255,253,253,228,17,0,0,0,0,0,0,0,0,0,0,0,0,0,0,0,0,0,0,0,17,189,253,253,204,178,253,253,65,0,0,0,0,0,0,0,0,0,0,0,0,0,0,0,0,0,0,22,235,253,253,96,11,5,191,253,137,0,0,0,0,0,0,0,0,0,0,0,0,0,0,0,0,0,0,192,250,147,21,0,0,0,175,254,254,0,0,0,0,0,0,0,0,0,0,0,0,0,0,0,0,0,0,134,169,0,0,0,0,0,70,253,232,0,0,0,0,0,0,0,0,0,0,0,0,0,0,0,0,0,0,32,0,0,0,0,0,0,70,253,137,0,0,0,0,0,0,0,0,0,0,0,0,0,0,0,0,0,0,0,0,0,0,0,0,0,70,253,137,0,0,0,0,0,104,208,208,208,61,0,0,0,0,0,0,0,0,0,0,0,0,0,0,0,70,253,137,0,0,85,158,231,254,253,253,253,190,0,0,0,0,0,0,0,0,0,0,0,0,0,0,0,133,254,44,34,160,254,254,244,232,157,154,254,128,0,0,0,0,0,0,0,0,0,0,0,0,0,0,9,197,253,253,254,253,241,165,50,0,0,91,253,23,0,0,0,0,0,0,0,0,0,0,0,0,0,0,131,253,253,253,206,69,50,0,0,0,13,204,154,6,0,0,0,0,0,0,0,0,0,0,0,0,43,104,237,253,219,161,21,0,0,0,0,0,30,161,29,0,0,0,0,0,0,0,0,0,0,0,0,43,231,254,253,169,35,0,0,0,0,0,0,0,0,0,0,0,0,0,0,0,0,0,0,0,0,15,139,254,254,158,0,0,0,0,0,0,0,0,0,0,0,0,0,0,0,0,0,0,0,0,0,0,15,220,253,173,92,0,0,0,0,0,0,0,0,0,0,0,0,0,0,0,0,0,0,0,0,0,0,0,77,241,100,13,0,0,0,0,0,0,0,0,0,0,0,0,0,0,0,0,0,0,0,0,0,0,0,0,5,37,0,0,0,0,0,0,0,0,0,0,0,0,0,0,0,0,0,0,0,0,0,0,0,0,0,0,0,0,0,0,0,0,0,0,0,0,0,0,0,0,0,0,0,0,0,0,0,0,0,0,0,0,0,0,0,0,0,0,0,0,0,0,0,0,0,0,0,0,0,0,0,0,0,0,0,0,0,0,0,0,0,0,0,0,0,0,0,0,0,0,0,0,0,0,0,0,0,0,0,0,0,0,0,0,0,0,0,0,0,0,0,0,0,0,0,0,0,0,0,0,0,0,0,0,0,0,0,0,0,0,0,0,0
9,0,0,0,0,0,0,0,0,0,0,0,0,0,0,0,0,0,0,0,0,0,0,0,0,0,0,0,0,0,0,0,0,0,0,0,0,0,0,0,0,0,0,0,0,0,0,0,0,0,0,0,0,0,0,0,0,0,0,0,0,0,0,0,0,0,0,0,0,0,0,0,0,0,0,0,0,0,0,0,0,0,0,0,0,0,0,0,0,0,0,0,0,0,0,0,0,0,0,0,0,0,0,0,0,0,0,0,0,0,0,0,0,0,0,0,0,0,0,0,0,0,0,0,0,0,0,0,0,0,0,0,0,0,0,0,0,0,0,0,0,0,0,0,0,0,0,0,0,0,0,0,0,0,0,0,0,0,0,0,0,0,0,0,0,0,0,0,0,0,0,0,0,0,0,0,0,0,0,0,0,0,0,0,0,0,0,0,0,0,0,0,0,0,0,0,0,0,0,0,0,0,0,0,0,0,0,0,0,0,0,0,0,0,0,0,0,0,0,0,0,0,0,0,0,0,0,0,0,0,0,0,0,0,0,31,79,86,175,86,18,0,0,0,0,0,0,0,0,0,0,0,0,0,0,0,0,0,0,0,0,28,144,241,254,253,253,253,238,68,0,0,0,0,0,0,0,0,0,0,0,0,0,0,0,0,0,0,91,235,253,253,193,80,155,208,253,240,68,0,0,0,0,0,0,0,0,0,0,0,0,0,0,0,0,14,224,254,254,208,0,0,0,40,254,255,158,0,0,0,0,0,0,0,0,0,0,0,0,0,0,0,0,149,253,253,253,185,8,0,0,85,253,254,142,0,0,0,0,0,0,0,0,0,0,0,0,0,0,0,0,193,253,253,253,253,98,0,0,166,253,145,12,0,0,0,0,0,0,0,0,0,0,0,0,0,0,0,0,5,19,166,253,253,219,182,234,251,185,8,0,0,0,0,0,0,0,0,0,0,0,0,0,0,0,0,0,0,0,18,238,253,254,253,253,237,36,0,0,0,0,0,0,0,0,0,0,0,0,0,0,0,0,0,0,0,0,0,115,231,255,254,254,254,216,134,9,0,0,0,0,0,0,0,0,0,0,0,0,0,0,0,0,0,0,0,6,24,201,191,135,236,253,254,175,88,2,0,0,0,0,0,0,0,0,0,0,0,0,0,0,0,0,0,0,0,18,12,0,42,152,223,253,253,166,48,0,0,0,0,0,0,0,0,0,0,0,0,0,0,0,0,0,0,0,0,0,0,0,35,161,226,253,245,115,21,0,0,0,0,0,0,0,0,0,0,0,0,0,0,0,0,0,0,0,0,0,0,0,18,126,253,254,218,30,0,0,0,0,0,0,0,0,0,0,0,0,0,0,0,0,0,0,0,0,0,0,0,0,38,172,254,254,186,14,0,0,0,0,0,0,0,0,0,0,0,0,0,0,0,0,0,0,0,0,0,0,0,9,46,165,244,223,0,0,0,0,0,0,0,0,0,0,0,0,0,0,0,0,0,0,0,0,0,0,0,0,0,0,42,78,0,0,0,0,0,0,0,0,0,0,0,0,0,0,0,0,0,0,0,0,0,0,0,0,0,0,0,0,0,0,0,0,0,0,0,0,0,0,0,0,0,0,0,0,0,0,0,0,0,0,0,0,0,0,0,0,0,0,0,0,0,0,0,0,0,0,0,0,0,0,0,0,0,0,0,0,0,0,0,0,0,0,0,0,0,0,0,0,0,0,0,0,0,0,0,0,0,0,0,0,0,0,0,0,0,0,0,0,0,0,0,0,0,0
9,0,0,0,0,0,0,0,0,0,0,0,0,0,0,0,0,0,0,0,0,0,0,0,0,0,0,0,0,0,0,0,0,0,0,0,0,0,0,0,0,0,0,0,0,0,0,0,0,0,0,0,0,0,0,0,0,0,0,0,0,0,0,0,0,0,0,0,0,0,0,0,0,0,0,0,0,0,0,0,0,0,0,0,0,0,0,0,0,0,0,0,0,0,0,0,0,0,0,0,0,0,0,0,0,0,0,0,0,0,0,0,0,0,0,0,0,0,0,0,0,0,0,0,0,0,0,0,0,0,0,0,0,0,0,0,0,0,0,0,0,0,0,0,0,0,0,0,0,0,0,0,0,0,0,0,0,0,0,0,0,0,0,0,0,0,0,0,0,0,0,0,0,0,0,0,0,0,0,0,8,72,75,9,0,0,0,0,0,0,0,0,0,0,0,0,0,0,0,0,0,0,0,0,0,0,0,0,126,243,240,175,0,0,0,0,0,0,0,0,0,0,0,0,0,0,0,0,0,0,0,0,0,0,0,153,253,254,254,244,16,0,0,0,0,0,0,0,0,0,0,0,0,0,0,0,0,0,0,0,0,0,46,234,254,228,223,253,136,0,0,0,0,0,0,12,78,209,227,113,0,0,0,0,0,0,0,0,0,0,153,254,233,54,109,255,195,0,0,0,0,0,13,228,255,254,255,255,0,0,0,0,0,0,0,0,0,45,240,254,128,0,138,254,176,0,0,0,54,131,249,254,254,254,233,108,0,0,0,0,0,0,0,0,0,152,254,187,11,0,178,254,146,0,0,100,241,254,254,254,254,137,25,0,0,0,0,0,0,0,0,0,36,234,254,142,0,0,178,251,153,0,118,242,254,254,254,208,66,0,0,0,0,0,0,0,0,0,0,0,56,254,227,8,0,0,169,254,200,162,250,254,254,244,152,8,0,0,0,0,0,0,0,0,0,0,0,0,137,254,166,0,0,3,210,254,254,254,254,254,242,64,0,0,0,0,0,0,0,0,0,0,0,0,0,0,201,254,133,0,0,32,251,254,254,254,254,211,59,0,0,0,0,0,0,0,0,0,0,0,0,0,0,0,199,254,251,191,210,116,231,254,254,241,90,7,0,0,0,0,0,0,0,0,0,0,0,0,0,0,0,0,95,254,200,40,43,225,254,254,254,99,0,0,0,0,0,0,0,0,0,0,0,0,0,0,0,0,0,0,37,250,254,198,70,242,254,252,150,3,0,0,0,0,0,0,0,0,0,0,0,0,0,0,0,0,0,0,0,211,229,246,254,254,254,171,16,0,0,0,0,0,0,0,0,0,0,0,0,0,0,0,0,0,0,0,0,151,225,223,254,255,232,25,0,0,0,0,0,0,0,0,0,0,0,0,0,0,0,0,0,0,0,0,0,6,104,253,254,162,38,0,0,0,0,0,0,0,0,0,0,0,0,0,0,0,0,0,0,0,0,0,0,0,0,21,21,5,0,0,0,0,0,0,0,0,0,0,0,0,0,0,0,0,0,0,0,0,0,0,0,0,0,0,0,0,0,0,0,0,0,0,0,0,0,0,0,0,0,0,0,0,0,0,0,0,0,0,0,0,0,0,0,0,0,0,0,0,0,0,0,0,0,0,0,0,0,0,0,0,0,0,0,0,0,0,0,0,0,0,0,0,0,0,0,0,0,0,0,0,0,0,0,0,0,0,0,0,0,0,0,0,0,0,0,0,0,0,0,0,0,0,0,0,0,0,0,0,0,0,0,0,0,0,0
0,0,0,0,0,0,0,0,0,0,0,0,0,0,0,0,0,0,0,0,0,0,0,0,0,0,0,0,0,0,0,0,0,0,0,0,0,0,0,0,0,0,0,0,0,0,0,0,0,0,0,0,0,0,0,0,0,0,0,0,0,0,0,0,0,0,0,0,0,0,0,0,0,0,0,0,0,0,0,0,0,0,0,0,0,0,0,0,0,0,0,0,0,0,0,0,0,0,0,0,0,0,0,0,0,0,0,0,0,0,0,0,0,0,0,0,0,0,0,0,0,0,0,0,0,0,0,0,0,0,0,0,0,0,0,0,0,0,0,0,0,0,0,0,0,0,0,0,0,0,0,0,0,0,0,0,0,0,0,0,0,0,0,0,0,0,0,0,0,0,0,0,0,0,0,0,0,0,0,0,0,0,0,0,11,98,98,98,66,0,0,0,0,0,0,0,0,0,0,0,0,0,0,0,0,0,0,0,34,126,214,214,219,254,254,254,241,214,214,81,0,0,0,0,0,0,0,0,0,0,0,0,43,56,63,194,220,254,239,199,199,199,199,199,199,213,254,205,26,0,0,0,0,0,0,0,0,0,14,151,235,254,254,254,239,171,60,0,0,0,0,0,0,20,204,254,210,0,0,0,0,0,0,0,0,0,179,254,254,253,158,103,58,0,0,0,0,0,0,0,0,0,180,254,254,0,0,0,0,0,0,0,0,61,245,254,226,107,0,0,0,0,0,0,0,0,0,0,0,0,180,254,254,0,0,0,0,0,0,0,0,3,236,254,64,0,0,0,0,0,0,0,0,0,0,0,0,0,180,254,254,0,0,0,0,0,0,0,0,42,242,213,28,0,0,0,0,0,0,0,0,0,0,0,0,0,180,254,254,0,0,0,0,0,0,0,0,118,254,192,12,0,0,0,0,0,0,0,0,0,0,0,0,0,180,254,254,0,0,0,0,0,0,0,0,193,254,178,0,0,0,0,0,0,0,0,0,0,0,0,0,46,235,254,153,0,0,0,0,0,0,0,0,118,254,178,0,0,0,0,0,0,0,0,0,0,0,0,0,152,254,252,104,0,0,0,0,0,0,0,0,118,254,180,2,0,0,0,0,0,0,0,0,0,0,0,3,202,254,234,0,0,0,0,0,0,0,0,0,61,245,254,128,0,0,0,0,0,0,0,0,0,0,51,167,254,234,120,0,0,0,0,0,0,0,0,0,0,235,254,252,134,0,0,0,0,0,0,0,0,51,165,254,254,156,0,0,0,0,0,0,0,0,0,0,0,84,241,255,250,221,150,84,84,84,84,84,162,238,254,227,63,10,0,0,0,0,0,0,0,0,0,0,0,0,46,173,254,254,254,254,254,254,254,254,254,254,195,55,0,0,0,0,0,0,0,0,0,0,0,0,0,0,0,17,75,157,213,213,213,213,213,213,209,75,4,0,0,0,0,0,0,0,0,0,0,0,0,0,0,0,0,0,0,0,0,0,0,0,0,0,0,0,0,0,0,0,0,0,0,0,0,0,0,0,0,0,0,0,0,0,0,0,0,0,0,0,0,0,0,0,0,0,0,0,0,0,0,0,0,0,0,0,0,0,0,0,0,0,0,0,0,0,0,0,0,0,0,0,0,0,0,0,0,0,0,0,0,0,0,0,0,0,0,0,0,0,0,0,0,0,0,0,0,0,0,0,0,0,0,0,0,0,0,0,0,0,0,0,0,0,0,0,0,0,0,0,0,0,0,0,0,0,0,0,0,0,0,0,0,0,0,0,0,0
6,0,0,0,0,0,0,0,0,0,0,0,0,0,0,0,0,0,0,0,0,0,0,0,0,0,0,0,0,0,0,0,0,0,0,0,0,0,0,0,0,0,0,0,0,0,0,0,0,0,0,0,0,0,0,0,0,0,0,0,0,0,0,0,0,0,0,0,0,0,0,0,0,0,0,0,0,0,0,0,0,0,0,0,0,0,0,0,0,0,0,0,0,0,0,0,0,0,0,0,0,0,0,0,0,0,0,0,0,0,0,0,0,0,0,0,0,0,0,0,0,0,0,0,0,0,0,0,0,0,0,0,0,0,0,0,0,0,0,0,0,0,0,0,0,0,0,0,0,0,0,0,0,0,0,0,0,0,0,0,0,0,0,0,0,0,0,0,0,0,0,0,0,0,0,0,0,0,0,0,0,0,0,0,0,0,0,26,0,0,0,0,0,0,0,0,0,0,0,0,0,0,0,0,0,0,0,0,10,110,159,185,198,197,197,222,185,28,0,0,0,0,0,0,0,0,0,0,0,0,0,0,0,26,150,225,229,252,252,252,253,252,252,252,253,209,25,0,0,0,0,0,0,0,0,0,0,7,117,141,154,253,253,253,226,150,113,113,114,113,113,113,179,253,216,16,0,0,0,0,0,0,0,0,7,150,252,252,247,196,196,96,0,0,0,0,0,0,0,0,10,196,252,103,0,0,0,0,0,0,0,0,204,252,186,118,50,0,0,0,0,0,0,38,147,172,19,0,0,82,252,139,0,0,0,0,0,0,0,0,253,252,56,0,0,0,0,0,0,26,150,237,253,252,231,25,0,57,252,240,0,0,0,0,0,0,0,0,176,125,0,0,0,0,0,0,4,128,253,253,163,188,247,203,0,57,253,140,0,0,0,0,0,0,0,0,0,0,0,0,0,0,0,0,54,252,252,151,0,0,122,252,76,131,252,139,0,0,0,0,0,0,0,0,0,0,0,0,0,0,0,0,229,252,186,6,0,0,19,193,35,197,252,139,0,0,0,0,0,0,0,0,0,0,0,0,0,0,0,151,253,227,43,0,0,0,0,13,29,252,252,40,0,0,0,0,0,0,0,0,0,0,0,0,0,0,0,226,255,134,0,0,0,0,0,0,154,253,156,0,0,0,0,0,0,0,0,0,0,0,0,0,0,0,57,243,234,28,0,0,0,0,0,76,253,214,19,0,0,0,0,0,0,0,0,0,0,0,0,0,0,0,85,252,175,0,0,0,0,0,0,200,244,81,0,0,0,0,0,0,0,0,0,0,0,0,0,0,0,0,85,252,225,0,0,0,0,26,200,249,125,0,0,0,0,0,0,0,0,0,0,0,0,0,0,0,0,0,38,238,255,178,141,141,154,253,244,125,0,0,0,0,0,0,0,0,0,0,0,0,0,0,0,0,0,0,0,125,228,252,252,202,197,171,56,0,0,0,0,0,0,0,0,0,0,0,0,0,0,0,0,0,0,0,0,0,31,56,56,6,0,0,0,0,0,0,0,0,0,0,0,0,0,0,0,0,0,0,0,0,0,0,0,0,0,0,0,0,0,0,0,0,0,0,0,0,0,0,0,0,0,0,0,0,0,0,0,0,0,0,0,0,0,0,0,0,0,0,0,0,0,0,0,0,0,0,0,0,0,0,0,0,0,0,0,0,0,0,0,0,0,0,0,0,0,0,0,0,0,0,0,0,0,0,0,0,0,0,0,0,0,0,0,0,0,0,0,0,0,0,0,0,0,0,0,0,0,0,0,0,0,0,0,0,0
9,0,0,0,0,0,0,0,0,0,0,0,0,0,0,0,0,0,0,0,0,0,0,0,0,0,0,0,0,0,0,0,0,0,0,0,0,0,0,0,0,0,0,0,0,0,0,0,0,0,0,0,0,0,0,0,0,0,0,0,0,0,0,0,0,0,0,0,0,0,0,0,0,0,0,0,0,0,0,0,0,0,0,0,0,0,0,0,0,0,0,0,0,0,0,0,0,0,0,0,0,0,0,0,0,0,0,0,0,0,0,0,0,0,0,0,0,0,0,0,0,0,0,0,0,0,0,0,0,0,0,0,0,0,0,0,0,0,0,0,0,0,0,0,0,0,0,0,0,0,0,0,0,0,0,0,0,0,0,0,0,0,0,0,0,0,0,0,0,0,0,0,0,0,0,0,0,0,0,0,0,0,0,0,0,0,0,0,0,0,0,0,0,0,0,0,0,0,0,0,0,0,0,0,0,0,0,0,0,0,0,0,0,0,0,0,0,0,0,0,0,0,0,0,0,0,0,0,0,0,0,0,0,0,0,0,0,155,207,207,165,9,0,0,0,0,0,0,0,0,0,0,0,0,0,0,0,0,0,0,0,0,0,43,168,253,252,252,252,179,0,0,0,0,0,0,0,0,0,0,0,0,0,0,0,0,0,0,0,5,55,233,253,242,230,230,249,253,64,0,0,0,0,0,0,0,0,0,0,0,0,0,0,0,0,0,0,68,252,252,178,42,0,0,207,252,116,0,0,0,0,0,0,0,0,0,0,0,0,0,0,0,0,0,49,228,252,185,37,0,0,0,207,252,116,0,0,0,0,0,0,0,0,0,0,0,0,0,0,0,0,0,180,252,227,50,0,0,0,0,207,252,74,0,0,0,43,93,114,207,165,93,0,0,0,0,0,0,0,0,253,252,79,0,0,0,0,32,228,252,0,0,32,157,240,253,252,252,252,200,0,0,0,0,0,0,0,0,255,253,69,0,0,0,5,138,253,75,149,253,253,253,253,252,209,116,116,63,0,0,0,0,0,0,0,0,253,252,69,0,0,5,136,252,252,169,253,252,240,164,92,84,0,0,0,0,0,0,0,0,0,0,0,0,169,252,100,26,70,191,252,252,252,252,215,162,50,0,0,0,0,0,0,0,0,0,0,0,0,0,0,0,36,160,90,203,252,253,252,227,160,56,21,0,0,0,0,0,0,0,0,0,0,0,0,0,0,0,0,0,11,189,236,252,252,190,64,16,0,0,0,0,0,0,0,0,0,0,0,0,0,0,0,0,0,0,0,0,76,253,247,135,63,0,0,0,0,0,0,0,0,0,0,0,0,0,0,0,0,0,0,0,0,0,0,0,9,92,67,0,0,0,0,0,0,0,0,0,0,0,0,0,0,0,0,0,0,0,0,0,0,0,0,0,0,0,0,0,0,0,0,0,0,0,0,0,0,0,0,0,0,0,0,0,0,0,0,0,0,0,0,0,0,0,0,0,0,0,0,0,0,0,0,0,0,0,0,0,0,0,0,0,0,0,0,0,0,0,0,0,0,0,0,0,0,0,0,0,0,0,0,0,0,0,0,0,0,0,0,0,0,0,0,0,0,0,0,0,0,0,0,0,0,0,0,0,0,0,0,0,0,0,0,0,0,0,0,0,0,0,0,0,0,0,0,0,0,0,0,0,0,0,0,0,0,0,0,0,0,0,0,0,0,0,0,0,0,0,0,0,0,0,0,0,0,0,0,0,0,0,0,0,0,0,0,0,0,0,0,0,0,0,0,0,0
0,0,0,0,0,0,0,0,0,0,0,0,0,0,0,0,0,0,0,0,0,0,0,0,0,0,0,0,0,0,0,0,0,0,0,0,0,0,0,0,0,0,0,0,0,0,0,0,0,0,0,0,0,0,0,0,0,0,0,0,0,0,0,0,0,0,0,0,0,0,0,0,0,0,0,0,0,0,0,0,0,0,0,0,0,0,0,0,0,0,0,0,0,0,0,0,0,0,0,0,0,0,0,0,0,0,0,0,0,0,0,0,0,0,0,0,0,0,0,0,0,0,0,0,0,0,0,0,0,0,0,0,0,0,0,0,0,0,0,0,0,0,0,0,0,0,0,0,0,0,0,0,0,0,0,0,0,0,0,0,0,0,0,0,0,0,0,0,0,0,0,0,0,0,0,0,0,0,0,0,0,0,0,0,0,0,0,0,0,0,0,0,0,0,0,0,0,0,0,0,0,0,0,0,0,0,0,0,0,19,70,122,132,184,184,184,48,0,0,0,0,0,0,0,0,0,0,0,0,0,0,0,0,0,43,93,166,220,252,252,253,252,252,252,232,93,34,0,0,0,0,0,0,0,0,0,0,0,0,0,0,43,178,253,252,252,252,252,253,252,252,252,252,253,164,32,0,0,0,0,0,0,0,0,0,0,0,5,108,233,253,255,253,253,192,63,0,0,0,0,158,244,253,222,25,0,0,0,0,0,0,0,0,0,0,120,252,252,252,249,185,92,17,0,0,0,0,0,0,50,113,240,177,15,0,0,0,0,0,0,0,0,17,228,252,252,221,115,0,0,0,0,0,0,0,0,0,0,0,134,240,54,0,0,0,0,0,0,0,0,66,252,252,252,43,0,0,0,0,0,0,0,0,0,0,0,0,0,207,179,0,0,0,0,0,0,0,0,138,252,252,116,2,0,0,0,0,0,0,0,0,0,0,0,0,0,103,252,0,0,0,0,0,0,0,0,255,253,190,5,0,0,0,0,0,0,0,0,0,0,0,0,0,38,233,137,0,0,0,0,0,0,0,0,253,252,252,135,5,0,0,0,0,0,0,0,0,0,0,0,0,91,252,137,0,0,0,0,0,0,0,0,169,252,252,252,54,0,0,0,0,0,0,0,0,0,0,0,66,234,252,54,0,0,0,0,0,0,0,0,138,252,252,252,232,136,0,0,0,0,0,0,0,0,0,155,236,252,176,4,0,0,0,0,0,0,0,0,23,158,252,252,252,251,209,116,116,116,116,116,116,210,230,253,231,137,35,0,0,0,0,0,0,0,0,0,0,0,0,0,210,255,253,253,253,253,255,253,253,253,232,168,42,0,0,0,0,0,0,0,0,0,0,0,0,0,0,0,0,154,206,206,223,252,253,252,240,112,8,0,0,0,0,0,0,0,0,0,0,0,0,0,0,0,0,0,0,0,0,0,25,69,69,69,50,0,0,0,0,0,0,0,0,0,0,0,0,0,0,0,0,0,0,0,0,0,0,0,0,0,0,0,0,0,0,0,0,0,0,0,0,0,0,0,0,0,0,0,0,0,0,0,0,0,0,0,0,0,0,0,0,0,0,0,0,0,0,0,0,0,0,0,0,0,0,0,0,0,0,0,0,0,0,0,0,0,0,0,0,0,0,0,0,0,0,0,0,0,0,0,0,0,0,0,0,0,0,0,0,0,0,0,0,0,0,0,0,0,0,0,0,0,0,0,0,0,0,0,0,0,0,0,0,0,0,0,0,0,0,0,0,0,0,0,0,0,0,0,0,0,0,0,0,0,0
1,0,0,0,0,0,0,0,0,0,0,0,0,0,0,0,0,0,0,0,0,0,0,0,0,0,0,0,0,0,0,0,0,0,0,0,0,0,0,0,0,0,0,0,0,0,0,0,0,0,0,0,0,0,0,0,0,0,0,0,0,0,0,0,0,0,0,0,0,0,0,0,0,0,0,0,0,0,0,0,0,0,0,0,0,0,0,0,0,0,0,0,0,0,0,0,0,0,0,0,0,0,0,0,0,0,0,0,0,0,0,0,0,0,0,0,0,0,0,0,0,0,0,0,0,0,0,0,0,0,0,0,0,0,0,0,0,0,0,0,0,0,0,0,0,0,0,0,0,0,0,0,0,0,0,0,0,0,0,0,0,0,0,0,0,0,0,0,0,0,0,0,0,0,0,0,0,0,0,0,0,0,0,0,0,0,0,0,0,0,0,0,0,0,0,0,0,0,0,0,0,0,0,0,0,0,0,0,0,0,0,0,0,0,0,0,0,0,0,0,0,0,0,0,0,0,0,0,0,0,0,0,0,0,0,0,0,0,0,0,0,0,0,0,0,0,0,0,0,0,0,0,0,0,0,0,0,0,0,0,0,0,0,0,0,0,0,0,0,0,0,0,0,0,0,0,0,0,0,0,0,0,0,0,0,0,0,0,0,0,0,0,0,0,0,0,0,0,0,0,0,0,0,0,0,0,0,0,0,0,0,0,0,0,0,0,0,0,0,0,0,0,0,0,0,0,0,0,0,0,0,64,64,0,0,0,0,0,0,0,0,0,0,0,0,0,0,0,0,0,0,0,0,0,0,0,0,64,191,255,255,0,0,0,0,0,0,0,0,128,191,255,255,255,128,255,255,255,255,255,255,255,255,191,191,255,255,255,128,0,0,0,0,0,0,0,0,255,255,255,255,255,255,255,255,255,255,255,255,255,255,255,255,255,255,255,0,0,0,0,0,0,0,0,0,191,255,255,255,255,255,255,255,255,255,255,255,255,255,255,255,255,255,64,0,0,0,0,0,0,0,0,0,0,64,128,0,0,128,128,128,128,128,0,0,0,0,128,128,128,128,0,0,0,0,0,0,0,0,0,0,0,0,0,0,0,0,0,0,0,0,0,0,0,0,0,0,0,0,0,0,0,0,0,0,0,0,0,0,0,0,0,0,0,0,0,0,0,0,0,0,0,0,0,0,0,0,0,0,0,0,0,0,0,0,0,0,0,0,0,0,0,0,0,0,0,0,0,0,0,0,0,0,0,0,0,0,0,0,0,0,0,0,0,0,0,0,0,0,0,0,0,0,0,0,0,0,0,0,0,0,0,0,0,0,0,0,0,0,0,0,0,0,0,0,0,0,0,0,0,0,0,0,0,0,0,0,0,0,0,0,0,0,0,0,0,0,0,0,0,0,0,0,0,0,0,0,0,0,0,0,0,0,0,0,0,0,0,0,0,0,0,0,0,0,0,0,0,0,0,0,0,0,0,0,0,0,0,0,0,0,0,0,0,0,0,0,0,0,0,0,0,0,0,0,0,0,0,0,0,0,0,0,0,0,0,0,0,0,0,0,0,0,0,0,0,0,0,0,0,0,0,0,0,0,0,0,0,0,0,0,0,0,0,0,0,0,0,0,0,0,0,0,0,0,0,0,0,0,0,0,0,0,0,0,0,0,0,0,0,0,0,0,0,0,0,0,0,0,0,0,0,0,0,0,0,0,0,0,0,0,0,0,0,0,0,0,0,0,0,0,0,0,0,0,0,0,0,0,0,0,0,0,0,0
5,0,0,0,0,0,0,0,0,0,0,0,0,0,0,0,0,0,0,0,0,0,0,0,0,0,0,0,0,0,0,0,0,0,0,0,0,0,0,0,0,0,0,0,0,0,0,0,0,0,0,0,0,0,0,0,0,0,0,0,0,0,0,0,0,0,0,0,0,0,0,0,0,0,0,0,0,0,0,0,0,0,0,0,0,0,0,0,0,0,0,0,0,0,0,0,0,0,0,0,0,0,0,0,0,0,0,0,0,0,0,0,0,0,0,0,0,0,0,0,0,0,0,0,0,0,0,0,0,0,0,0,0,0,0,0,0,0,0,0,0,0,0,0,0,0,0,0,0,0,0,0,0,0,0,0,0,0,0,0,0,0,0,0,0,0,0,0,0,0,0,0,0,0,0,0,0,0,0,0,0,0,0,0,0,0,0,0,0,0,0,0,0,0,0,0,0,0,0,0,0,0,0,0,0,0,0,0,0,21,61,0,0,0,0,0,0,0,82,82,0,0,0,0,0,0,0,0,0,0,102,254,172,21,0,0,21,214,253,0,0,0,0,0,0,113,253,255,71,0,0,0,0,0,0,0,0,0,142,253,252,223,122,123,223,253,171,0,0,0,0,0,0,92,151,253,151,0,0,0,0,0,0,0,0,0,203,244,203,234,253,254,253,203,0,0,0,0,0,0,0,0,0,234,151,0,0,0,0,0,0,0,0,0,203,203,0,30,50,91,252,162,0,0,0,0,0,0,0,0,0,152,232,0,0,0,0,0,0,0,0,51,253,142,0,0,0,51,253,102,0,0,0,0,0,0,0,0,0,153,253,0,0,0,0,0,0,0,0,132,252,102,0,0,0,51,252,102,0,0,0,0,0,0,0,0,0,193,212,0,0,0,0,0,0,0,0,214,253,82,0,0,0,51,253,203,0,0,0,0,0,0,0,0,0,173,192,0,0,0,0,0,0,0,0,253,252,0,0,0,0,10,172,223,20,0,0,0,0,0,0,0,0,253,151,0,0,0,0,0,0,0,0,254,151,0,0,0,0,0,82,254,112,0,0,0,0,0,0,0,21,254,131,0,0,0,0,0,0,0,0,253,70,0,0,0,0,0,0,253,192,0,0,0,0,0,0,0,102,253,50,0,0,0,0,0,0,0,0,203,0,0,0,0,0,0,0,51,253,102,0,0,0,0,0,0,102,254,50,0,0,0,0,0,0,0,0,162,0,0,0,0,0,0,0,10,212,203,20,0,0,0,0,0,183,213,10,0,0,0,0,0,0,0,0,41,0,0,0,0,0,0,0,0,41,234,213,62,0,0,0,31,233,142,0,0,0,0,0,0,0,0,0,0,0,0,0,0,0,0,0,0,0,51,232,203,20,0,41,173,212,20,0,0,0,0,0,0,0,0,0,0,0,0,0,0,0,0,0,0,0,0,82,234,213,153,233,244,81,0,0,0,0,0,0,0,0,0,0,0,0,0,0,0,0,0,0,0,0,0,0,112,252,253,212,40,0,0,0,0,0,0,0,0,0,0,0,0,0,0,0,0,0,0,0,0,0,0,0,0,0,0,0,0,0,0,0,0,0,0,0,0,0,0,0,0,0,0,0,0,0,0,0,0,0,0,0,0,0,0,0,0,0,0,0,0,0,0,0,0,0,0,0,0,0,0,0,0,0,0,0,0,0,0,0,0,0,0,0,0,0,0,0,0,0,0,0,0,0,0,0,0,0,0,0,0,0,0,0,0,0,0,0,0,0,0,0,0,0,0,0,0,0,0,0
9,0,0,0,0,0,0,0,0,0,0,0,0,0,0,0,0,0,0,0,0,0,0,0,0,0,0,0,0,0,0,0,0,0,0,0,0,0,0,0,0,0,0,0,0,0,0,0,0,0,0,0,0,0,0,0,0,0,0,0,0,0,0,0,0,0,0,0,0,0,0,0,0,0,0,0,0,0,0,0,0,0,0,0,0,0,0,0,0,0,0,0,0,0,0,0,0,0,0,0,0,0,0,0,0,0,0,0,0,0,0,0,0,0,0,0,0,0,0,0,0,0,0,0,0,0,0,0,0,0,0,0,0,0,0,0,0,0,0,0,0,0,0,0,0,0,0,0,0,0,0,0,0,0,0,0,0,0,0,0,0,0,0,0,0,0,0,0,0,0,0,0,0,0,0,0,0,0,0,0,0,0,10,10,6,0,0,0,0,0,0,0,0,0,0,0,0,0,0,0,0,0,0,0,0,0,0,88,134,169,250,253,221,28,0,0,0,0,0,0,0,0,0,0,0,0,0,0,0,0,0,0,0,20,137,251,253,253,253,253,253,242,78,0,0,0,0,0,0,0,0,0,0,0,0,0,0,0,0,0,24,205,253,235,192,74,47,47,117,254,201,5,0,0,0,0,0,0,0,0,0,0,0,0,0,0,0,0,198,253,227,12,0,0,0,0,0,187,253,56,0,0,0,0,0,0,0,0,0,0,0,0,0,0,0,64,252,223,6,0,0,0,0,0,0,104,253,56,0,0,0,0,0,0,0,0,0,0,0,0,0,0,0,146,253,70,0,0,0,0,0,0,0,146,248,50,0,0,0,0,0,0,0,0,0,0,0,0,0,0,0,229,225,15,0,0,0,0,0,0,0,159,215,0,0,0,0,0,0,0,0,0,0,0,0,0,0,0,0,255,216,0,0,0,0,0,0,0,25,220,156,0,0,0,30,66,87,170,254,0,0,0,0,0,0,0,0,205,235,29,0,0,0,0,0,5,118,244,67,38,66,149,238,253,253,253,253,0,0,0,0,0,0,0,0,120,252,206,35,0,0,0,6,72,253,239,247,253,253,253,253,253,244,198,149,0,0,0,0,0,0,0,0,0,89,174,28,42,14,85,219,253,253,254,253,253,253,253,191,112,3,0,0,0,0,0,0,0,0,0,0,0,0,2,76,238,238,247,253,253,253,224,157,74,18,18,4,0,0,0,0,0,0,0,0,0,0,0,0,0,0,87,253,253,253,253,241,143,47,18,0,0,0,0,0,0,0,0,0,0,0,0,0,0,0,0,0,0,0,38,253,174,161,75,31,0,0,0,0,0,0,0,0,0,0,0,0,0,0,0,0,0,0,0,0,0,0,1,9,1,0,0,0,0,0,0,0,0,0,0,0,0,0,0,0,0,0,0,0,0,0,0,0,0,0,0,0,0,0,0,0,0,0,0,0,0,0,0,0,0,0,0,0,0,0,0,0,0,0,0,0,0,0,0,0,0,0,0,0,0,0,0,0,0,0,0,0,0,0,0,0,0,0,0,0,0,0,0,0,0,0,0,0,0,0,0,0,0,0,0,0,0,0,0,0,0,0,0,0,0,0,0,0,0,0,0,0,0,0,0,0,0,0,0,0,0,0,0,0,0,0,0,0,0,0,0,0,0,0,0,0,0,0,0,0,0,0,0,0,0,0,0,0,0,0,0,0,0,0,0,0,0,0,0,0,0,0,0,0,0,0,0,0,0,0,0,0,0,0,0,0,0,0,0,0,0,0,0,0,0,0,0,0,0,0
3,0,0,0,0,0,0,0,0,0,0,0,0,0,0,0,0,0,0,0,0,0,0,0,0,0,0,0,0,0,0,0,0,0,0,0,0,0,0,0,0,0,0,0,0,0,0,0,0,0,0,0,0,0,0,0,0,0,0,0,0,0,0,0,0,0,0,0,0,0,0,0,0,0,0,0,0,0,0,0,0,0,0,0,0,0,0,0,0,0,0,0,0,0,0,0,0,0,0,0,0,0,0,0,0,0,0,0,0,0,0,0,0,0,0,0,0,0,0,0,0,0,0,0,0,0,0,0,0,0,0,0,0,0,0,0,0,0,0,0,0,0,0,0,0,0,12,133,101,181,255,187,146,94,14,0,0,0,0,0,0,0,0,0,0,0,0,0,0,0,0,0,0,12,129,253,253,253,253,253,253,253,92,0,0,0,0,0,0,0,0,0,0,0,0,0,0,0,0,0,0,41,253,253,252,167,43,32,32,78,12,0,0,0,0,0,0,0,0,0,0,0,0,0,0,0,0,0,0,146,253,253,145,0,0,0,0,40,35,0,0,0,77,90,0,0,0,0,0,0,0,0,0,0,0,0,0,146,253,253,102,0,0,0,100,248,240,75,0,20,221,247,116,14,0,0,0,0,0,0,0,0,0,0,0,48,250,253,107,0,0,0,190,253,253,161,0,58,247,253,253,188,12,0,0,0,0,0,0,0,0,0,0,0,163,253,237,61,0,0,87,253,253,179,3,0,79,252,253,253,221,0,0,0,0,0,0,0,0,0,0,0,18,229,253,235,58,0,87,253,253,253,16,0,0,57,59,221,246,95,0,0,0,0,0,0,0,0,0,0,0,70,247,253,193,55,87,253,253,253,16,0,0,0,0,158,253,183,0,0,0,0,0,0,0,0,0,0,0,0,128,253,253,236,147,253,253,253,39,0,0,0,0,38,251,228,24,0,0,0,0,0,0,0,0,0,0,0,10,163,253,253,253,253,253,253,38,0,0,0,0,0,249,253,37,0,0,0,0,0,0,0,0,0,0,0,0,5,164,253,253,253,253,253,16,0,0,0,0,0,249,253,138,0,0,0,0,0,0,0,0,0,0,0,0,0,4,86,123,223,253,253,16,0,0,0,0,0,249,253,74,0,0,0,0,0,0,0,0,0,0,0,0,0,0,0,0,84,253,253,145,0,0,0,0,0,249,253,126,0,0,0,0,0,0,0,0,0,0,0,0,0,0,0,0,15,244,253,243,58,0,0,0,111,253,253,88,0,0,0,0,0,0,0,0,0,0,0,0,0,0,0,0,0,89,253,253,209,13,0,0,211,253,253,37,0,0,0,0,0,0,0,0,0,0,0,0,0,0,0,0,0,10,209,253,253,219,53,99,246,253,195,7,0,0,0,0,0,0,0,0,0,0,0,0,0,0,0,0,0,0,43,185,253,253,251,252,253,253,124,0,0,0,0,0,0,0,0,0,0,0,0,0,0,0,0,0,0,0,0,48,183,240,253,253,253,200,23,0,0,0,0,0,0,0,0,0,0,0,0,0,0,0,0,0,0,0,0,0,0,72,191,145,145,19,0,0,0,0,0,0,0,0,0,0,0,0,0,0,0,0,0,0,0,0,0,0,0,0,0,0,0,0,0,0,0,0,0,0,0,0,0,0,0,0,0,0,0,0,0,0,0,0,0,0,0,0,0,0,0,0,0,0,0,0,0,0,0,0,0,0,0,0,0,0,0,0,0,0,0,0,0,0,0,0,0,0,0,0,0,0,0,0,0,0
9,0,0,0,0,0,0,0,0,0,0,0,0,0,0,0,0,0,0,0,0,0,0,0,0,0,0,0,0,0,0,0,0,0,0,0,0,0,0,0,0,0,0,0,0,0,0,0,0,0,0,0,0,0,0,0,0,0,0,0,0,0,0,0,0,0,0,0,0,0,0,0,0,0,0,0,0,0,0,0,0,0,0,0,0,0,0,0,0,0,0,0,0,0,0,0,0,0,0,0,0,0,0,0,0,0,0,0,0,0,0,0,0,0,0,0,0,0,0,0,0,0,0,0,0,0,0,0,0,0,0,0,0,0,0,0,0,0,0,0,0,0,0,0,0,0,0,0,0,0,0,0,0,0,0,0,0,0,0,0,0,0,0,0,0,0,0,0,0,0,0,0,0,0,0,0,0,0,0,0,0,0,0,0,0,0,0,0,0,0,0,0,0,0,0,0,0,0,0,0,0,0,0,0,0,0,0,0,0,0,5,3,0,0,0,0,0,0,0,0,0,0,0,0,0,0,0,0,0,0,0,0,0,0,0,0,2,112,231,197,16,0,0,0,0,0,0,0,0,0,0,0,0,0,0,0,0,0,0,0,0,0,0,0,173,254,254,254,92,0,0,0,0,0,0,0,11,113,110,0,0,0,0,0,0,0,0,0,0,0,21,154,252,254,254,254,88,0,0,0,0,0,0,54,183,254,239,0,0,0,0,0,0,0,0,0,0,2,130,254,252,215,254,245,40,0,0,0,0,27,77,238,254,254,126,0,0,0,0,0,0,0,0,0,0,43,254,254,206,87,254,238,0,0,0,0,34,223,254,254,254,230,25,0,0,0,0,0,0,0,0,0,38,230,254,249,51,247,254,131,0,0,18,197,242,254,255,248,231,48,0,0,0,0,0,0,0,0,0,0,146,254,254,104,120,254,236,17,12,95,210,254,254,225,127,53,41,0,0,0,0,0,0,0,0,0,0,31,240,254,239,71,215,254,128,46,173,254,254,254,179,30,0,0,0,0,0,0,0,0,0,0,0,0,0,140,254,254,252,198,254,254,196,247,254,254,225,99,3,0,0,0,0,0,0,0,0,0,0,0,0,0,0,193,254,254,254,254,254,254,254,254,242,155,6,0,0,0,0,0,0,0,0,0,0,0,0,0,0,0,0,44,228,254,254,254,254,254,254,199,38,0,0,0,0,0,0,0,0,0,0,0,0,0,0,0,0,0,0,0,48,241,254,254,254,217,119,14,0,0,0,0,0,0,0,0,0,0,0,0,0,0,0,0,0,0,0,0,77,254,254,234,184,31,0,0,0,0,0,0,0,0,0,0,0,0,0,0,0,0,0,0,0,0,0,0,46,197,237,57,0,0,0,0,0,0,0,0,0,0,0,0,0,0,0,0,0,0,0,0,0,0,0,0,0,2,4,0,0,0,0,0,0,0,0,0,0,0,0,0,0,0,0,0,0,0,0,0,0,0,0,0,0,0,0,0,0,0,0,0,0,0,0,0,0,0,0,0,0,0,0,0,0,0,0,0,0,0,0,0,0,0,0,0,0,0,0,0,0,0,0,0,0,0,0,0,0,0,0,0,0,0,0,0,0,0,0,0,0,0,0,0,0,0,0,0,0,0,0,0,0,0,0,0,0,0,0,0,0,0,0,0,0,0,0,0,0,0,0,0,0,0,0,0,0,0,0,0,0,0,0,0,0,0,0,0,0,0,0,0,0,0,0,0,0,0,0,0,0,0,0,0,0,0,0,0,0,0,0,0,0,0,0,0,0
6,0,0,0,0,0,0,0,0,0,0,0,0,0,0,0,0,0,0,0,0,0,0,0,0,0,0,0,0,0,0,0,0,0,0,0,0,0,0,0,0,0,0,0,0,0,0,0,0,0,0,0,0,0,0,0,0,0,0,0,0,0,0,0,0,0,0,0,0,0,0,0,0,0,0,0,0,0,0,0,0,0,0,0,0,0,0,0,0,0,0,0,0,0,0,0,0,0,0,0,0,0,0,0,0,0,0,0,0,0,0,0,0,0,0,0,0,0,0,0,0,0,0,0,0,0,0,0,0,0,0,0,0,0,0,0,0,0,0,0,0,0,0,0,0,0,0,0,0,0,0,0,0,0,0,0,0,0,0,0,0,0,0,0,0,0,0,0,0,0,0,0,0,0,0,0,0,0,0,0,0,0,0,0,0,0,0,0,0,0,0,0,0,0,0,0,0,0,0,0,0,0,0,0,0,0,0,0,0,0,0,0,0,0,0,0,0,0,0,0,0,0,0,0,0,0,0,0,0,0,0,0,0,0,0,0,0,0,0,0,0,0,0,0,0,0,0,0,0,0,0,0,0,0,0,0,0,0,0,0,0,0,22,116,157,230,231,230,230,135,116,106,0,0,0,0,0,0,0,0,0,0,0,0,0,0,0,19,76,139,212,253,253,253,255,253,253,253,253,255,159,17,0,0,0,0,0,0,0,0,0,0,0,0,66,236,252,253,252,240,206,102,180,252,240,153,206,211,252,227,50,0,0,0,0,0,0,0,0,0,49,184,234,252,252,173,69,50,0,0,138,252,183,0,0,7,154,252,227,48,0,0,0,0,0,0,0,0,180,252,252,176,56,0,0,0,0,0,180,252,89,0,0,0,9,154,252,179,0,0,0,0,0,0,0,0,253,252,136,4,0,0,0,0,0,0,253,252,69,0,0,0,0,70,252,252,0,0,0,0,0,0,0,0,244,232,38,0,0,0,0,0,0,0,255,211,7,0,0,0,0,81,253,190,0,0,0,0,0,0,0,0,50,164,56,0,0,0,0,0,0,0,253,252,69,0,0,0,30,228,252,117,0,0,0,0,0,0,0,0,0,0,0,0,0,0,0,0,0,0,222,252,171,13,0,49,197,252,185,6,0,0,0,0,0,0,0,0,0,0,0,0,0,0,0,0,0,0,97,252,252,215,155,233,252,227,50,0,0,0,0,0,0,0,0,0,0,0,0,0,0,0,0,0,0,0,3,117,252,252,252,253,252,130,0,0,0,0,0,0,0,0,0,0,0,0,0,0,0,0,0,0,0,0,0,0,85,116,116,116,95,0,0,0,0,0,0,0,0,0,0,0,0,0,0,0,0,0,0,0,0,0,0,0,0,0,0,0,0,0,0,0,0,0,0,0,0,0,0,0,0,0,0,0,0,0,0,0,0,0,0,0,0,0,0,0,0,0,0,0,0,0,0,0,0,0,0,0,0,0,0,0,0,0,0,0,0,0,0,0,0,0,0,0,0,0,0,0,0,0,0,0,0,0,0,0,0,0,0,0,0,0,0,0,0,0,0,0,0,0,0,0,0,0,0,0,0,0,0,0,0,0,0,0,0,0,0,0,0,0,0,0,0,0,0,0,0,0,0,0,0,0,0,0,0,0,0,0,0,0,0,0,0,0,0,0,0,0,0,0,0,0,0,0,0,0,0,0,0,0,0,0,0,0,0,0,0,0,0,0,0,0,0,0,0,0,0,0,0,0,0,0,0,0,0,0,0,0,0,0,0,0,0,0,0
6,0,0,0,0,0,0,0,0,0,0,0,0,0,0,0,0,0,0,0,0,0,0,0,0,0,0,0,0,0,0,0,0,0,0,0,0,0,0,0,0,0,0,0,0,0,0,0,0,0,0,0,0,0,0,0,0,0,0,0,0,0,0,0,0,0,0,0,0,0,0,0,0,0,0,0,0,0,0,0,0,0,0,0,0,0,0,0,0,0,0,0,0,0,0,0,0,0,0,0,0,0,0,0,0,0,0,0,0,0,0,0,0,0,0,0,0,0,0,0,0,0,0,0,0,0,0,0,0,0,0,0,0,0,0,0,0,0,0,0,0,0,0,0,0,0,0,0,0,0,0,0,0,0,0,0,0,0,0,0,0,0,0,0,0,0,0,0,0,0,0,0,0,0,0,0,0,0,0,0,0,0,0,0,0,0,0,0,0,0,0,0,0,0,0,0,0,0,0,0,0,0,0,0,0,29,141,170,170,170,170,141,29,0,0,0,0,0,0,0,0,0,0,0,0,0,0,0,0,0,29,114,198,255,255,255,255,255,255,255,255,198,86,0,0,0,0,0,0,0,0,0,0,0,0,0,114,226,255,255,255,226,141,86,86,86,86,114,255,255,255,114,0,0,0,0,0,0,0,0,0,0,0,0,255,255,114,86,29,0,0,0,0,0,0,0,0,114,255,226,29,0,0,0,0,0,0,0,0,0,0,0,57,57,0,0,0,0,0,0,0,0,0,0,0,0,170,255,141,0,0,0,0,0,0,0,0,0,0,0,0,0,0,0,0,0,0,0,0,0,0,0,0,0,57,255,255,0,0,0,0,0,0,0,0,0,0,0,0,0,0,0,0,0,0,0,0,0,0,29,170,170,255,255,255,226,141,0,0,0,0,0,0,0,0,0,0,0,0,0,0,0,0,0,0,57,170,255,255,255,255,255,255,255,255,141,0,0,0,0,0,0,0,0,0,0,0,0,0,0,0,57,170,255,255,198,114,86,29,86,255,255,255,226,0,0,0,0,0,0,0,0,0,0,0,0,0,0,57,226,255,255,86,0,0,0,0,86,255,141,170,170,0,0,0,0,0,0,0,0,0,0,0,0,0,0,86,255,255,86,0,0,0,0,0,170,255,86,170,114,0,0,0,0,0,0,0,0,0,0,0,0,0,0,86,255,114,0,0,0,0,0,86,255,198,0,57,29,0,0,0,0,0,0,0,0,0,0,0,0,0,0,141,255,57,0,0,0,0,86,226,255,29,0,0,0,0,0,0,0,0,0,0,0,0,0,0,0,0,0,57,255,226,170,170,170,198,255,226,57,0,0,0,0,0,0,0,0,0,0,0,0,0,0,0,0,0,0,0,57,198,255,255,255,226,114,29,0,0,0,0,0,0,0,0,0,0,0,0,0,0,0,0,0,0,0,0,0,0,0,86,86,0,0,0,0,0,0,0,0,0,0,0,0,0,0,0,0,0,0,0,0,0,0,0,0,0,0,0,0,0,0,0,0,0,0,0,0,0,0,0,0,0,0,0,0,0,0,0,0,0,0,0,0,0,0,0,0,0,0,0,0,0,0,0,0,0,0,0,0,0,0,0,0,0,0,0,0,0,0,0,0,0,0,0,0,0,0,0,0,0,0,0,0,0,0,0,0,0,0,0,0,0,0,0,0,0,0,0,0,0,0,0,0,0,0,0,0,0,0,0,0,0,0,0,0,0,0,0,0,0,0,0,0,0,0,0,0,0,0,0,0,0,0,0,0,0,0,0,0,0,0,0,0,0
5,0,0,0,0,0,0,0,0,0,0,0,0,0,0,0,0,0,0,0,0,0,0,0,0,0,0,0,0,0,0,0,0,0,0,0,0,0,0,0,0,0,0,0,0,0,0,0,0,0,0,0,0,0,0,0,0,0,0,0,0,0,0,0,0,0,0,0,0,0,0,0,0,0,0,0,0,0,0,0,0,0,0,0,0,0,0,0,0,0,0,0,0,0,0,0,0,0,0,0,0,0,0,0,0,0,0,0,0,0,0,0,0,0,0,0,0,0,0,0,0,0,0,0,0,0,0,0,0,0,0,0,0,0,0,0,0,0,0,0,0,0,0,0,0,0,0,0,0,0,0,0,0,0,0,0,0,0,0,0,0,0,0,0,0,0,0,0,0,0,0,0,0,0,0,0,0,0,0,0,0,0,0,0,0,0,0,0,0,0,0,0,0,0,0,0,0,0,0,0,0,0,0,0,0,0,0,0,0,0,0,0,0,0,0,0,0,0,0,3,138,79,0,0,0,0,0,0,0,0,0,0,0,0,0,0,0,0,0,0,0,0,0,0,0,0,0,118,254,167,0,0,0,0,0,0,0,0,0,0,0,0,0,0,0,0,0,12,70,37,0,0,0,0,13,250,254,197,0,0,0,0,0,0,0,0,0,0,0,0,0,38,142,151,226,240,254,184,0,0,0,0,87,210,254,87,0,0,0,0,0,0,0,0,0,0,138,233,174,245,254,254,242,203,254,169,0,0,0,6,122,248,250,7,0,0,0,0,0,0,0,0,0,0,246,254,254,221,149,112,32,44,254,133,0,0,0,0,147,254,201,0,0,0,0,0,0,0,0,0,0,87,253,169,94,13,0,0,0,44,254,133,0,0,0,10,223,252,72,0,0,0,0,0,0,0,0,0,0,164,254,53,0,0,0,0,0,44,254,162,0,0,0,137,254,199,0,0,0,0,0,0,0,0,0,0,0,237,216,6,0,0,0,0,0,44,254,212,9,0,63,244,247,49,0,0,0,0,0,0,0,0,0,0,69,253,167,0,0,0,0,0,0,8,205,254,51,27,209,254,127,0,0,0,0,0,0,0,0,0,0,0,152,254,54,0,0,0,0,0,0,0,85,254,177,209,254,198,13,0,0,0,0,0,0,0,0,0,0,0,237,218,5,0,0,0,0,0,0,0,8,166,254,254,194,52,0,0,0,0,0,0,0,0,0,0,0,0,254,138,0,0,0,0,0,0,0,0,0,8,125,104,13,0,0,0,0,0,0,0,0,0,0,0,0,0,254,83,0,0,0,0,0,0,0,0,0,0,0,0,0,0,0,0,0,0,0,0,0,0,0,0,0,0,255,39,0,0,0,0,0,0,0,0,0,0,0,0,0,0,0,0,0,0,0,0,0,0,0,0,0,0,254,154,100,35,0,0,0,0,0,0,0,0,0,0,0,0,0,0,0,0,0,0,0,0,0,0,0,0,252,254,191,8,0,0,0,0,0,0,0,0,0,0,0,0,0,0,0,0,0,0,0,0,0,0,0,0,52,135,3,0,0,0,0,0,0,0,0,0,0,0,0,0,0,0,0,0,0,0,0,0,0,0,0,0,0,0,0,0,0,0,0,0,0,0,0,0,0,0,0,0,0,0,0,0,0,0,0,0,0,0,0,0,0,0,0,0,0,0,0,0,0,0,0,0,0,0,0,0,0,0,0,0,0,0,0,0,0,0,0,0,0,0,0,0,0,0,0,0,0,0,0,0,0,0,0,0,0,0,0,0,0,0,0
4,0,0,0,0,0,0,0,0,0,0,0,0,0,0,0,0,0,0,0,0,0,0,0,0,0,0,0,0,0,0,0,0,0,0,0,0,0,0,0,0,0,0,0,0,0,0,0,0,0,0,0,0,0,0,0,0,0,0,0,0,0,0,0,0,0,0,0,0,0,0,0,0,0,0,0,0,0,0,0,0,0,0,0,0,0,0,0,0,0,0,0,0,0,0,0,0,0,0,0,0,0,0,0,0,0,0,0,0,0,0,0,0,0,0,0,0,0,0,0,0,0,0,0,0,0,0,0,0,0,0,0,0,0,0,0,0,0,0,0,0,0,0,0,0,0,0,0,0,0,0,0,0,0,0,0,0,0,0,0,0,0,0,0,0,0,0,0,0,0,0,0,0,0,0,0,0,0,0,0,0,0,3,16,9,0,0,0,0,0,0,0,0,0,0,0,0,0,0,0,0,0,0,0,0,0,0,0,0,30,127,254,191,8,0,0,0,0,0,0,0,0,0,0,0,0,0,0,0,0,0,0,0,0,0,32,116,240,241,179,233,89,0,0,0,0,0,0,0,0,0,0,0,0,0,0,0,0,0,0,2,88,128,234,222,124,18,0,136,128,0,0,0,0,0,0,0,0,0,0,0,0,0,0,0,0,0,50,186,213,120,112,21,0,0,0,101,194,0,0,0,0,0,0,0,0,0,0,0,0,0,0,0,0,197,243,236,26,0,0,0,0,0,0,20,218,10,0,0,0,0,0,0,0,0,0,0,0,0,0,0,0,60,42,21,0,0,0,0,0,0,0,0,210,15,0,0,0,0,0,0,0,0,0,0,0,0,0,0,0,0,0,0,0,0,0,0,0,0,0,0,210,37,0,0,0,0,0,0,0,0,0,0,0,0,0,0,0,0,0,0,0,0,0,0,0,0,0,0,211,90,0,0,0,0,0,0,0,0,0,0,0,0,0,0,0,0,0,0,0,0,0,0,40,15,0,0,210,90,0,0,0,0,0,0,0,0,0,0,0,0,0,0,0,0,0,134,129,91,91,170,249,230,165,113,226,196,165,165,91,91,20,4,0,0,0,0,0,0,0,0,0,0,0,83,170,209,242,244,138,134,134,215,254,241,233,143,188,233,254,209,107,0,0,0,0,0,0,0,0,0,0,0,0,0,30,58,0,0,0,31,254,34,16,0,0,34,61,219,166,0,0,0,0,0,0,0,0,0,0,0,0,0,0,0,0,0,0,31,204,5,0,0,0,0,0,0,0,0,0,0,0,0,0,0,0,0,0,0,0,0,0,0,0,0,0,31,120,0,0,0,0,0,0,0,0,0,0,0,0,0,0,0,0,0,0,0,0,0,0,0,0,0,0,2,7,0,0,0,0,0,0,0,0,0,0,0,0,0,0,0,0,0,0,0,0,0,0,0,0,0,0,0,0,0,0,0,0,0,0,0,0,0,0,0,0,0,0,0,0,0,0,0,0,0,0,0,0,0,0,0,0,0,0,0,0,0,0,0,0,0,0,0,0,0,0,0,0,0,0,0,0,0,0,0,0,0,0,0,0,0,0,0,0,0,0,0,0,0,0,0,0,0,0,0,0,0,0,0,0,0,0,0,0,0,0,0,0,0,0,0,0,0,0,0,0,0,0,0,0,0,0,0,0,0,0,0,0,0,0,0,0,0,0,0,0,0,0,0,0,0,0,0,0,0,0,0,0,0,0,0,0,0,0,0,0,0,0,0,0,0,0,0,0,0,0,0,0,0,0,0,0,0,0,0
0,0,0,0,0,0,0,0,0,0,0,0,0,0,0,0,0,0,0,0,0,0,0,0,0,0,0,0,0,0,0,0,0,0,0,0,0,0,0,0,0,0,0,0,0,0,0,0,0,0,0,0,0,0,0,0,0,0,0,0,0,0,0,0,0,0,0,0,0,0,0,0,0,0,0,0,0,0,0,0,0,0,0,0,0,0,0,0,0,0,0,0,0,0,0,0,0,0,0,0,0,0,0,0,0,0,0,0,0,0,0,0,0,0,0,0,0,0,0,0,0,0,0,0,0,0,0,0,0,0,0,0,0,0,0,0,0,0,0,0,0,0,0,0,0,0,0,0,0,0,0,9,80,86,254,254,254,254,255,163,80,44,0,0,0,0,0,0,0,0,0,0,0,0,0,0,0,0,0,136,253,253,253,253,253,253,253,253,253,210,38,0,0,0,0,0,0,0,0,0,0,0,0,0,0,11,147,250,253,253,253,253,253,253,253,253,253,253,228,39,0,0,0,0,0,0,0,0,0,0,0,0,0,141,253,253,253,253,253,253,253,253,253,253,253,253,253,210,43,0,0,0,0,0,0,0,0,0,0,11,141,248,253,253,253,253,253,253,210,209,218,253,253,253,253,253,108,0,0,0,0,0,0,0,0,0,0,62,253,253,253,253,253,253,253,172,4,0,53,253,253,253,253,253,253,0,0,0,0,0,0,0,0,0,0,56,241,253,253,253,253,234,165,18,0,0,53,253,253,253,253,253,253,0,0,0,0,0,0,0,0,0,0,0,83,147,199,253,209,41,0,0,0,0,53,253,253,253,253,253,179,0,0,0,0,0,0,0,0,3,9,9,4,0,34,69,41,0,0,0,0,0,180,253,253,253,253,253,78,0,0,0,0,0,0,0,0,80,253,253,161,73,0,0,0,0,0,0,0,0,228,253,253,253,253,253,78,0,0,0,0,0,0,0,0,195,253,253,253,209,0,0,0,0,0,0,0,99,244,253,253,253,253,189,27,0,0,0,0,0,0,0,0,85,253,253,253,252,160,15,0,0,0,0,0,149,253,253,253,253,248,114,0,0,0,0,0,0,0,0,0,80,253,253,253,253,253,52,0,0,0,0,42,210,253,253,253,253,235,0,0,0,0,0,0,0,0,0,0,80,253,253,253,253,142,5,0,0,0,0,229,253,253,253,253,229,65,0,0,0,0,0,0,0,0,0,0,80,253,253,253,253,194,27,0,0,0,0,246,253,253,253,234,67,0,0,0,0,0,0,0,0,0,0,0,14,152,251,253,253,253,201,36,42,211,211,252,253,253,253,193,0,0,0,0,0,0,0,0,0,0,0,0,0,0,237,253,253,253,253,253,253,253,253,253,253,253,193,24,0,0,0,0,0,0,0,0,0,0,0,0,0,0,57,60,212,244,253,253,253,253,253,253,242,77,29,0,0,0,0,0,0,0,0,0,0,0,0,0,0,0,0,0,0,77,156,196,253,253,253,159,65,0,0,0,0,0,0,0,0,0,0,0,0,0,0,0,0,0,0,0,0,0,0,33,78,78,78,3,0,0,0,0,0,0,0,0,0,0,0,0,0,0,0,0,0,0,0,0,0,0,0,0,0,0,0,0,0,0,0,0,0,0,0,0,0,0,0,0,0,0,0,0,0,0,0,0,0,0,0,0,0,0,0,0,0,0,0,0,0,0,0,0,0,0,0,0,0,0,0,0,0,0,0,0,0,0,0,0,0,0,0,0,0,0,0,0,0,0,0,0,0,0,0,0
7,0,0,0,0,0,0,0,0,0,0,0,0,0,0,0,0,0,0,0,0,0,0,0,0,0,0,0,0,0,0,0,0,0,0,0,0,0,0,0,0,0,0,0,0,0,0,0,0,0,0,0,0,0,0,0,0,0,0,0,0,0,0,0,0,0,0,0,0,0,0,0,0,0,0,0,0,0,0,0,0,0,0,0,0,0,0,0,0,0,0,0,0,0,0,0,0,0,0,0,0,0,0,0,0,0,0,0,0,0,0,0,0,0,0,0,0,0,0,0,0,0,0,0,82,123,0,0,0,0,0,0,0,0,0,0,0,0,0,0,0,0,0,0,0,0,0,0,0,0,0,163,243,203,0,0,0,0,0,0,0,0,0,0,0,0,0,0,0,0,0,0,0,0,0,0,0,21,142,152,253,102,0,0,0,0,0,0,0,0,0,0,0,0,0,0,0,0,0,0,0,0,0,0,0,0,0,152,252,20,0,0,0,0,0,0,0,0,0,0,0,0,0,0,0,0,0,0,0,0,0,0,0,0,21,214,131,0,0,0,0,0,0,0,0,0,0,0,0,0,0,0,0,0,0,0,0,0,0,0,0,0,102,233,30,0,0,0,0,0,0,0,0,0,0,0,0,0,0,0,0,0,0,0,0,0,0,0,0,11,213,183,0,0,0,0,0,0,0,0,0,0,0,0,0,0,0,0,0,0,0,0,0,0,0,0,0,92,252,102,0,0,0,0,0,0,0,0,0,0,0,0,0,0,0,0,0,0,0,0,0,0,0,0,0,173,233,0,0,0,0,0,0,0,0,0,0,0,0,0,0,0,0,0,0,0,0,0,0,0,0,0,0,253,151,0,0,0,0,0,0,0,0,0,0,0,0,0,0,0,0,0,0,0,0,0,0,0,0,0,0,254,131,0,0,0,0,0,0,0,0,0,0,0,0,0,0,0,21,51,51,0,0,0,0,0,0,0,0,253,131,0,0,0,0,0,0,0,0,0,0,0,0,0,41,123,223,253,252,0,0,0,0,0,0,0,0,254,253,132,10,0,0,0,0,0,0,0,21,72,233,254,253,254,233,183,20,0,0,0,0,0,0,0,0,253,252,253,212,203,162,102,102,163,203,203,223,253,252,233,151,50,30,0,0,0,0,0,0,0,0,0,0,62,142,255,253,255,253,254,253,254,253,203,122,102,102,0,0,0,0,0,0,0,0,0,0,0,0,0,0,0,0,50,131,151,151,151,151,91,50,0,0,0,0,0,0,0,0,0,0,0,0,0,0,0,0,0,0,0,0,0,0,0,0,0,0,0,0,0,0,0,0,0,0,0,0,0,0,0,0,0,0,0,0,0,0,0,0,0,0,0,0,0,0,0,0,0,0,0,0,0,0,0,0,0,0,0,0,0,0,0,0,0,0,0,0,0,0,0,0,0,0,0,0,0,0,0,0,0,0,0,0,0,0,0,0,0,0,0,0,0,0,0,0,0,0,0,0,0,0,0,0,0,0,0,0,0,0,0,0,0,0,0,0,0,0,0,0,0,0,0,0,0,0,0,0,0,0,0,0,0,0,0,0,0,0,0,0,0,0,0,0,0,0,0,0,0,0,0,0,0,0,0,0,0,0,0,0,0,0,0,0,0,0,0,0,0,0,0,0,0,0,0,0,0,0,0,0,0,0,0,0,0,0,0,0,0,0,0,0,0,0,0,0,0,0,0,0,0,0,0,0,0,0,0,0,0,0,0,0,0,0,0,0,0,0,0,0,0,0,0,0,0,0
4,0,0,0,0,0,0,0,0,0,0,0,0,0,0,0,0,0,0,0,0,0,0,0,0,0,0,0,0,0,0,0,0,0,0,0,0,0,0,0,0,0,0,0,0,0,0,0,0,0,0,0,0,0,0,0,0,0,0,0,0,0,0,0,0,0,0,0,0,0,0,0,0,0,0,0,0,0,0,0,0,0,0,0,0,0,0,0,0,0,0,0,0,0,0,0,0,0,0,0,0,0,0,0,0,0,0,0,0,0,0,0,0,0,0,0,0,0,0,0,0,0,0,0,0,0,0,0,0,0,0,0,0,0,0,0,0,0,0,0,0,0,0,0,0,0,0,0,0,0,0,0,0,0,0,0,0,0,0,0,0,0,0,0,0,0,0,0,0,0,0,0,0,0,0,0,0,0,0,0,0,0,7,24,21,0,0,0,0,0,0,0,0,0,0,0,0,0,0,0,0,0,0,0,0,0,0,0,0,0,170,253,246,84,0,0,0,0,0,0,0,0,0,0,0,0,0,0,0,0,0,0,0,0,0,0,15,229,254,254,254,161,0,0,0,0,0,0,0,0,0,0,0,0,0,0,0,0,0,0,0,0,13,114,232,253,254,253,253,211,0,0,0,0,0,0,0,0,0,0,0,0,0,0,0,0,0,0,0,51,221,253,253,202,46,234,253,219,0,0,0,0,0,0,0,0,0,0,0,0,0,0,0,0,0,51,168,234,254,253,102,19,0,163,253,219,0,0,0,0,0,0,0,0,0,0,0,0,0,0,0,0,221,254,254,254,160,76,0,0,0,47,254,254,93,0,0,0,0,0,0,0,0,0,0,0,0,0,0,0,115,148,115,81,0,0,0,0,0,47,253,253,142,0,0,0,0,0,0,0,0,0,0,0,0,0,0,0,0,0,0,0,0,0,0,0,0,26,232,253,142,0,0,0,0,0,0,0,0,0,0,0,0,0,0,0,0,0,0,0,0,0,0,0,0,0,174,253,93,0,0,0,60,93,51,0,0,0,0,0,0,0,0,0,0,0,0,0,0,0,0,0,0,0,208,254,170,153,170,220,255,254,254,186,0,0,0,0,0,0,0,0,0,0,0,0,0,0,0,34,47,130,232,253,254,253,253,253,254,253,215,106,0,0,0,0,0,0,0,0,0,22,24,91,141,207,207,240,254,253,253,244,230,213,137,137,80,46,9,0,0,0,0,0,0,0,0,0,0,230,253,253,254,253,253,253,254,253,177,69,0,0,0,0,0,0,0,0,0,0,0,0,0,0,0,0,0,134,184,184,127,93,17,0,0,0,0,0,0,0,0,0,0,0,0,0,0,0,0,0,0,0,0,0,0,0,0,0,0,0,0,0,0,0,0,0,0,0,0,0,0,0,0,0,0,0,0,0,0,0,0,0,0,0,0,0,0,0,0,0,0,0,0,0,0,0,0,0,0,0,0,0,0,0,0,0,0,0,0,0,0,0,0,0,0,0,0,0,0,0,0,0,0,0,0,0,0,0,0,0,0,0,0,0,0,0,0,0,0,0,0,0,0,0,0,0,0,0,0,0,0,0,0,0,0,0,0,0,0,0,0,0,0,0,0,0,0,0,0,0,0,0,0,0,0,0,0,0,0,0,0,0,0,0,0,0,0,0,0,0,0,0,0,0,0,0,0,0,0,0,0,0,0,0,0,0,0,0,0,0,0,0,0,0,0,0,0,0,0,0,0,0,0,0,0,0,0,0,0,0,0,0,0,0,0,0,0,0,0,0,0,0,0,0,0
0,0,0,0,0,0,0,0,0,0,0,0,0,0,0,0,0,0,0,0,0,0,0,0,0,0,0,0,0,0,0,0,0,0,0,0,0,0,0,0,0,0,0,0,0,0,0,0,0,0,0,0,0,0,0,0,0,0,0,0,0,0,0,0,0,0,0,0,0,0,0,0,0,0,0,0,0,0,0,0,0,0,0,0,0,0,0,0,0,0,0,0,0,0,0,0,0,0,0,0,0,0,0,0,0,0,0,0,0,0,0,0,0,0,0,0,0,0,0,0,0,0,0,0,0,0,0,0,0,0,0,0,0,0,0,0,0,0,0,0,0,0,0,0,0,0,0,0,0,0,0,0,0,0,0,0,0,0,0,0,0,0,0,0,0,0,0,0,0,0,0,0,0,0,0,0,0,0,0,0,0,0,0,0,0,0,0,0,0,0,0,0,0,0,0,0,0,0,0,0,0,0,0,0,0,0,0,0,0,0,0,0,15,19,19,19,19,19,2,0,0,0,0,0,0,0,0,0,0,0,0,0,0,0,0,0,0,0,46,149,228,253,253,253,253,253,159,95,2,0,0,0,0,0,0,0,0,0,32,32,14,0,0,5,32,117,225,253,253,253,253,253,253,253,253,253,41,16,0,0,0,0,0,0,0,0,255,253,129,0,5,130,253,253,245,185,93,93,93,134,230,253,253,253,253,51,0,0,0,0,0,0,0,0,254,253,238,56,178,253,253,199,67,0,0,0,0,0,32,233,253,253,253,88,0,0,0,0,0,0,0,0,255,253,253,253,253,222,122,25,0,0,0,0,0,0,0,120,249,253,253,214,0,0,0,0,0,0,0,0,254,253,253,248,182,27,0,0,0,0,0,0,0,0,0,0,230,253,253,165,0,0,0,0,0,0,0,0,254,253,253,167,0,0,0,0,0,0,0,0,0,0,0,74,247,253,253,99,0,0,0,0,0,0,0,0,254,253,253,235,27,0,0,0,0,0,0,0,0,0,0,100,253,253,253,5,0,0,0,0,0,0,0,0,157,253,253,253,134,0,0,0,0,0,0,0,0,0,0,100,253,253,253,5,0,0,0,0,0,0,0,0,130,253,253,253,247,186,67,0,0,0,0,0,0,0,0,200,253,253,119,1,0,0,0,0,0,0,0,0,88,253,253,253,253,253,246,187,88,88,88,88,88,88,132,248,253,118,2,0,0,0,0,0,0,0,0,0,1,108,253,253,253,253,253,253,253,253,253,253,253,253,253,217,109,3,0,0,0,0,0,0,0,0,0,0,0,2,30,104,215,253,253,253,253,253,253,253,253,219,154,33,0,0,0,0,0,0,0,0,0,0,0,0,0,0,0,0,15,24,106,148,148,148,148,148,109,16,0,0,0,0,0,0,0,0,0,0,0,0,0,0,0,0,0,0,0,0,0,0,0,0,0,0,0,0,0,0,0,0,0,0,0,0,0,0,0,0,0,0,0,0,0,0,0,0,0,0,0,0,0,0,0,0,0,0,0,0,0,0,0,0,0,0,0,0,0,0,0,0,0,0,0,0,0,0,0,0,0,0,0,0,0,0,0,0,0,0,0,0,0,0,0,0,0,0,0,0,0,0,0,0,0,0,0,0,0,0,0,0,0,0,0,0,0,0,0,0,0,0,0,0,0,0,0,0,0,0,0,0,0,0,0,0,0,0,0,0,0,0,0,0,0,0,0,0,0,0,0,0,0,0,0,0,0,0,0,0,0,0,0,0,0,0,0,0,0,0,0,0,0,0,0,0,0
1,0,0,0,0,0,0,0,0,0,0,0,0,0,0,0,0,0,0,0,0,0,0,0,0,0,0,0,0,0,0,0,0,0,0,0,0,0,0,0,0,0,0,0,0,0,0,0,0,0,0,0,0,0,0,0,0,0,0,0,0,0,0,0,0,0,0,0,0,0,0,0,0,0,0,0,0,0,0,0,0,0,0,0,0,0,0,0,0,0,0,0,0,0,0,0,0,0,0,0,0,0,0,0,0,0,0,0,0,0,0,0,0,0,0,0,0,0,0,0,0,0,0,0,0,0,0,0,0,0,0,0,0,0,0,0,0,0,0,0,0,0,0,0,0,0,0,0,0,0,0,0,0,0,0,0,0,0,0,0,0,0,0,0,0,0,0,0,0,0,0,0,0,0,0,0,0,0,0,0,0,0,0,0,0,0,0,0,0,0,0,0,0,0,0,0,0,0,0,0,0,0,0,0,0,0,0,0,0,0,0,0,0,0,0,0,0,0,0,0,0,0,0,0,0,0,0,0,0,0,0,0,0,0,0,0,0,0,0,0,0,0,0,0,0,0,0,0,0,0,0,0,0,0,0,0,0,0,0,0,0,0,0,0,0,0,0,0,0,0,0,0,0,0,0,0,0,0,0,0,0,0,0,0,0,0,0,0,0,0,0,0,0,0,0,0,0,0,0,0,0,0,0,0,0,0,0,0,0,0,0,0,0,218,217,200,79,0,0,0,0,0,0,0,0,0,0,0,0,0,0,0,0,0,0,0,0,0,0,0,0,253,252,252,204,79,109,207,126,160,229,53,0,0,0,0,0,0,0,0,0,0,0,0,0,0,0,0,0,11,92,252,250,249,252,252,252,252,252,184,121,121,121,121,213,201,121,121,64,0,0,0,0,0,0,0,0,0,0,0,24,149,241,241,241,241,253,255,253,253,253,253,253,253,253,253,195,0,0,0,0,0,0,0,0,0,0,0,0,0,0,0,0,0,103,171,228,228,228,228,235,252,252,252,241,0,0,0,0,0,0,0,0,0,0,0,0,0,0,0,0,0,0,0,0,0,0,0,28,96,96,96,50,0,0,0,0,0,0,0,0,0,0,0,0,0,0,0,0,0,0,0,0,0,0,0,0,0,0,0,0,0,0,0,0,0,0,0,0,0,0,0,0,0,0,0,0,0,0,0,0,0,0,0,0,0,0,0,0,0,0,0,0,0,0,0,0,0,0,0,0,0,0,0,0,0,0,0,0,0,0,0,0,0,0,0,0,0,0,0,0,0,0,0,0,0,0,0,0,0,0,0,0,0,0,0,0,0,0,0,0,0,0,0,0,0,0,0,0,0,0,0,0,0,0,0,0,0,0,0,0,0,0,0,0,0,0,0,0,0,0,0,0,0,0,0,0,0,0,0,0,0,0,0,0,0,0,0,0,0,0,0,0,0,0,0,0,0,0,0,0,0,0,0,0,0,0,0,0,0,0,0,0,0,0,0,0,0,0,0,0,0,0,0,0,0,0,0,0,0,0,0,0,0,0,0,0,0,0,0,0,0,0,0,0,0,0,0,0,0,0,0,0,0,0,0,0,0,0,0,0,0,0,0,0,0,0,0,0,0,0,0,0,0,0,0,0,0,0,0,0,0,0,0,0,0,0,0,0,0,0,0,0,0,0,0,0,0,0,0,0,0,0,0,0,0,0,0,0,0,0,0,0,0,0,0,0,0,0,0,0,0,0,0,0,0,0,0,0,0,0,0,0,0,0,0,0,0,0,0,0,0,0,0,0
3,0,0,0,0,0,0,0,0,0,0,0,0,0,0,0,0,0,0,0,0,0,0,0,0,0,0,0,0,0,0,0,0,0,0,0,0,0,0,0,0,0,0,0,0,0,0,0,0,0,0,0,0,0,0,0,0,0,0,0,0,0,0,0,0,0,0,0,0,0,0,0,0,0,0,0,0,0,0,0,0,0,0,0,0,0,0,0,0,0,0,0,0,0,0,0,0,0,0,0,0,0,0,0,0,0,0,0,0,0,0,0,0,0,0,0,0,0,0,0,0,0,0,0,0,0,0,0,0,0,0,0,0,0,0,0,0,0,0,0,0,0,0,0,0,0,0,0,0,0,0,0,0,0,0,0,0,0,0,0,0,0,0,0,0,0,0,0,0,0,0,0,0,0,0,0,0,0,0,0,0,0,0,0,0,0,0,0,0,0,0,0,0,0,0,0,0,0,0,0,0,0,0,21,183,203,81,0,0,0,0,0,0,0,0,0,0,0,0,0,0,0,0,0,0,0,0,0,0,0,0,113,253,255,151,0,0,0,0,0,0,0,0,0,0,0,0,11,132,153,92,0,0,0,0,0,0,0,0,193,252,233,50,0,0,0,0,0,0,0,0,0,0,0,0,173,252,253,192,0,0,0,0,0,0,0,0,254,253,183,0,0,0,51,10,0,0,0,0,0,0,0,0,173,253,244,122,0,0,0,0,0,0,0,0,253,252,102,0,0,123,253,212,0,0,0,0,0,0,0,0,253,252,203,0,0,0,0,0,0,0,0,0,254,253,203,0,11,213,254,253,123,0,0,0,0,0,0,163,255,253,82,0,0,0,0,0,0,0,0,0,253,252,203,41,213,252,253,252,223,20,0,0,0,0,41,243,253,171,0,0,0,0,0,0,0,0,0,0,254,253,234,193,254,253,254,253,254,50,0,0,0,21,214,253,224,20,0,0,0,0,0,0,0,0,0,0,172,252,253,252,253,252,151,232,253,131,0,0,0,142,253,252,81,0,0,0,0,0,0,0,0,0,0,0,82,243,254,253,203,81,21,223,254,213,21,21,132,253,254,172,0,0,0,0,0,0,0,0,0,0,0,0,0,40,151,111,0,0,0,122,253,252,162,203,253,252,213,10,0,0,0,0,0,0,0,0,0,0,0,0,0,0,0,0,0,0,0,82,254,253,254,253,254,233,0,0,0,0,0,0,0,0,0,0,0,0,0,0,0,0,0,0,0,0,0,0,71,192,253,252,91,30,0,0,0,0,0,0,0,0,0,0,0,0,0,0,0,0,0,0,0,0,0,0,0,0,102,61,0,0,0,0,0,0,0,0,0,0,0,0,0,0,0,0,0,0,0,0,0,0,0,0,0,0,0,0,0,0,0,0,0,0,0,0,0,0,0,0,0,0,0,0,0,0,0,0,0,0,0,0,0,0,0,0,0,0,0,0,0,0,0,0,0,0,0,0,0,0,0,0,0,0,0,0,0,0,0,0,0,0,0,0,0,0,0,0,0,0,0,0,0,0,0,0,0,0,0,0,0,0,0,0,0,0,0,0,0,0,0,0,0,0,0,0,0,0,0,0,0,0,0,0,0,0,0,0,0,0,0,0,0,0,0,0,0,0,0,0,0,0,0,0,0,0,0,0,0,0,0,0,0,0,0,0,0,0,0,0,0,0,0,0,0,0,0,0,0,0,0,0,0,0,0,0,0,0,0,0,0,0,0,0,0,0,0,0,0,0,0,0,0,0,0,0,0,0,0,0,0,0,0,0,0,0
1,0,0,0,0,0,0,0,0,0,0,0,0,0,0,0,0,0,0,0,0,0,0,0,0,0,0,0,0,0,0,0,0,0,0,0,0,0,0,0,0,0,0,0,0,0,0,0,0,0,0,0,0,0,0,0,0,0,0,0,0,0,0,0,0,0,0,0,0,0,0,0,0,0,0,0,0,0,0,0,0,0,0,0,0,0,0,0,0,0,0,0,0,0,0,0,0,0,0,0,0,0,0,0,0,0,0,0,0,0,0,0,0,0,0,0,0,0,0,0,0,0,0,0,0,0,0,0,0,0,0,0,0,0,0,0,0,0,0,0,0,0,0,0,0,0,0,0,0,0,0,0,0,0,0,0,0,0,0,0,0,0,0,0,0,0,0,0,0,0,0,0,0,0,0,0,0,0,0,0,0,0,0,0,0,0,0,0,0,0,0,0,0,0,0,0,0,0,0,0,0,0,0,0,0,0,0,0,0,0,0,0,0,0,0,0,0,0,0,0,0,0,0,0,0,0,0,0,0,0,0,0,0,0,0,0,0,0,0,0,0,0,0,0,0,0,0,0,0,0,0,0,0,0,0,0,0,0,0,0,0,0,0,0,0,0,0,0,0,0,0,0,0,0,0,0,0,0,0,0,0,0,0,0,0,0,0,0,0,0,0,0,0,0,0,0,0,0,0,0,0,0,0,0,0,0,0,0,0,0,0,0,0,0,0,0,0,0,0,0,0,0,0,0,0,0,0,0,0,0,0,0,0,0,0,0,0,0,0,0,0,0,203,203,102,102,41,0,0,0,0,0,0,0,0,0,0,0,0,0,0,0,0,0,0,0,0,0,0,0,193,253,254,253,254,253,152,152,92,10,0,0,0,0,0,0,0,0,0,0,0,0,0,0,0,0,0,0,30,131,151,151,253,252,253,252,253,212,203,162,102,102,102,102,41,0,0,0,0,0,0,0,0,0,0,0,0,0,0,0,0,82,203,203,214,253,254,253,254,253,254,253,255,253,173,51,0,0,0,0,0,0,0,0,0,0,0,0,0,0,0,0,10,50,112,151,151,192,253,252,253,252,253,252,0,0,0,0,0,0,0,0,0,0,0,0,0,0,0,0,0,0,0,0,0,0,0,0,0,0,62,102,0,0,0,0,0,0,0,0,0,0,0,0,0,0,0,0,0,0,0,0,0,0,0,0,0,0,0,0,0,0,0,0,0,0,0,0,0,0,0,0,0,0,0,0,0,0,0,0,0,0,0,0,0,0,0,0,0,0,0,0,0,0,0,0,0,0,0,0,0,0,0,0,0,0,0,0,0,0,0,0,0,0,0,0,0,0,0,0,0,0,0,0,0,0,0,0,0,0,0,0,0,0,0,0,0,0,0,0,0,0,0,0,0,0,0,0,0,0,0,0,0,0,0,0,0,0,0,0,0,0,0,0,0,0,0,0,0,0,0,0,0,0,0,0,0,0,0,0,0,0,0,0,0,0,0,0,0,0,0,0,0,0,0,0,0,0,0,0,0,0,0,0,0,0,0,0,0,0,0,0,0,0,0,0,0,0,0,0,0,0,0,0,0,0,0,0,0,0,0,0,0,0,0,0,0,0,0,0,0,0,0,0,0,0,0,0,0,0,0,0,0,0,0,0,0,0,0,0,0,0,0,0,0,0,0,0,0,0,0,0,0,0,0,0,0,0,0,0,0,0,0,0,0,0,0,0,0,0,0,0,0,0,0,0,0,0,0,0,0,0,0,0,0,0,0,0,0,0,0,0,0,0,0
3,0,0,0,0,0,0,0,0,0,0,0,0,0,0,0,0,0,0,0,0,0,0,0,0,0,0,0,0,0,0,0,0,0,0,0,0,0,0,0,0,0,0,0,0,0,0,0,0,0,0,0,0,0,0,0,0,0,0,0,0,0,0,0,0,0,0,0,0,0,0,0,0,0,0,0,0,0,0,0,0,0,0,0,0,0,0,0,0,0,0,0,0,0,0,0,0,0,0,0,0,0,0,0,0,0,0,0,0,0,0,0,0,0,0,0,0,0,0,0,0,0,0,0,0,0,0,0,0,0,0,0,0,0,0,0,0,0,0,0,0,0,0,0,0,0,0,0,0,0,0,0,0,0,0,0,0,0,0,0,0,0,0,0,0,0,0,0,0,0,0,0,0,0,0,0,64,19,0,0,0,0,0,0,0,0,0,0,0,0,0,0,0,0,0,0,0,0,0,0,0,0,0,178,244,165,0,0,0,0,0,0,0,0,0,0,0,0,0,0,0,0,0,0,0,0,0,0,0,0,99,247,253,179,0,0,0,0,31,35,28,0,0,0,0,0,0,0,3,16,0,0,0,0,0,0,0,0,254,253,208,25,0,0,0,6,228,253,205,0,0,0,0,0,0,0,29,116,0,0,0,0,0,0,0,0,254,253,177,0,0,0,0,111,253,253,205,0,0,0,0,0,0,0,158,186,0,0,0,0,0,0,0,0,254,253,177,0,0,0,57,247,253,253,205,0,0,0,0,0,0,41,251,253,0,0,0,0,0,0,0,0,254,253,55,0,0,13,240,253,253,253,82,0,0,0,0,0,0,42,253,253,0,0,0,0,0,0,0,0,217,253,99,69,69,153,253,253,253,253,68,0,0,0,0,0,0,153,253,253,0,0,0,0,0,0,0,0,118,253,253,253,253,253,253,227,253,253,68,0,0,0,0,0,12,193,253,227,0,0,0,0,0,0,0,0,41,140,249,253,249,143,89,41,221,253,188,58,0,0,0,0,63,253,253,116,0,0,0,0,0,0,0,0,0,0,92,109,95,0,0,0,88,252,253,167,3,0,0,0,140,253,253,113,0,0,0,0,0,0,0,0,0,0,0,0,0,0,0,0,0,206,253,253,176,0,0,41,226,253,232,0,0,0,0,0,0,0,0,0,0,0,0,0,0,0,0,0,0,48,226,253,253,173,104,227,253,253,102,0,0,0,0,0,0,0,0,0,0,0,0,0,0,0,0,0,0,0,51,224,253,253,253,253,253,217,13,0,0,0,0,0,0,0,0,0,0,0,0,0,0,0,0,0,0,0,0,36,58,221,253,253,238,86,0,0,0,0,0,0,0,0,0,0,0,0,0,0,0,0,0,0,0,0,0,0,0,37,75,75,57,0,0,0,0,0,0,0,0,0,0,0,0,0,0,0,0,0,0,0,0,0,0,0,0,0,0,0,0,0,0,0,0,0,0,0,0,0,0,0,0,0,0,0,0,0,0,0,0,0,0,0,0,0,0,0,0,0,0,0,0,0,0,0,0,0,0,0,0,0,0,0,0,0,0,0,0,0,0,0,0,0,0,0,0,0,0,0,0,0,0,0,0,0,0,0,0,0,0,0,0,0,0,0,0,0,0,0,0,0,0,0,0,0,0,0,0,0,0,0,0,0,0,0,0,0,0,0,0,0,0,0,0,0,0,0,0,0,0,0,0,0,0,0,0,0,0,0,0,0,0,0,0,0,0,0,0,0,0,0,0,0,0,0,0,0,0,0,0,0,0,0,0,0,0
4,0,0,0,0,0,0,0,0,0,0,0,0,0,0,0,0,0,0,0,0,0,0,0,0,0,0,0,0,0,0,0,0,0,0,0,0,0,0,0,0,0,0,0,0,0,0,0,0,0,0,0,0,0,0,0,0,0,0,0,0,0,0,0,0,0,0,0,0,0,0,0,0,0,0,0,0,0,0,0,0,0,0,0,0,0,0,0,0,0,0,0,0,0,0,0,0,0,0,0,0,0,0,0,0,0,0,0,0,0,0,0,0,0,0,0,0,0,0,0,0,0,0,0,0,0,0,0,0,0,0,0,0,0,0,0,0,0,0,0,0,0,0,0,0,0,0,0,0,0,0,0,0,0,0,0,0,71,150,233,107,4,0,0,0,0,0,0,0,0,0,0,0,0,0,0,0,0,0,0,0,0,0,14,36,204,254,254,254,53,0,0,0,0,0,0,0,0,0,0,0,0,0,0,0,0,0,0,0,0,78,203,254,254,254,254,254,53,0,0,0,0,0,0,0,0,0,0,0,0,0,0,0,0,0,0,12,155,240,254,254,218,225,254,224,28,0,0,0,0,0,0,0,0,0,0,0,0,0,0,0,0,44,101,216,254,254,254,173,25,148,254,201,10,0,0,0,0,0,0,0,0,0,0,0,16,187,137,108,213,240,254,254,254,222,48,3,0,148,254,189,0,0,0,0,0,0,0,0,0,0,0,0,2,176,254,254,254,254,254,173,47,8,0,0,1,151,254,189,0,0,0,0,0,0,0,0,0,0,0,0,0,76,113,113,113,113,102,0,0,0,0,0,12,254,254,123,0,0,0,0,0,0,0,0,0,0,0,0,0,0,0,0,0,0,0,0,0,0,0,0,12,254,254,71,0,0,0,0,0,0,0,0,0,0,0,0,0,0,0,0,0,0,0,0,0,0,0,0,12,255,254,71,0,0,0,0,0,0,0,0,0,0,0,0,0,0,0,0,0,0,0,0,0,0,0,0,7,205,218,17,0,0,0,0,0,0,0,0,0,0,0,0,0,0,0,0,0,0,0,0,0,0,0,0,12,254,225,27,0,0,0,0,0,0,0,0,0,0,0,0,0,0,0,0,0,0,0,0,0,0,0,0,12,254,211,7,0,0,0,0,0,0,0,0,0,0,0,0,0,0,0,0,0,0,0,0,0,0,0,0,1,90,254,69,0,0,0,0,0,0,0,0,0,0,0,0,0,0,0,0,0,0,0,0,0,0,0,0,0,13,203,178,148,21,0,0,0,0,0,0,0,0,0,0,0,0,0,0,0,0,0,0,0,15,48,48,48,118,224,254,254,35,0,0,0,0,0,0,0,0,0,0,0,0,0,0,0,0,7,86,184,206,254,254,254,254,254,207,150,10,0,0,0,0,0,0,0,0,0,0,0,0,0,69,133,202,207,254,254,254,254,254,173,157,53,15,0,0,0,0,0,0,0,0,0,0,0,0,0,22,134,248,254,254,245,153,153,153,54,35,1,0,0,0,0,0,0,0,0,0,0,0,0,0,0,0,0,4,139,254,204,78,16,0,0,0,0,0,0,0,0,0,0,0,0,0,0,0,0,0,0,0,0,0,0,0,0,0,0,0,0,0,0,0,0,0,0,0,0,0,0,0,0,0,0,0,0,0,0,0,0,0,0,0,0,0,0,0,0,0,0,0,0,0,0,0,0,0,0,0,0,0,0,0,0,0,0,0,0,0,0,0,0,0,0,0,0,0,0,0,0,0,0,0,0,0,0,0,0,0,0,0,0,0
7,0,0,0,0,0,0,0,0,0,0,0,0,0,0,0,0,0,0,0,0,0,0,0,0,0,0,0,0,0,0,0,0,0,0,0,0,0,0,0,0,0,0,0,0,0,0,0,0,0,0,0,0,0,0,0,0,0,0,0,0,0,0,0,0,0,0,0,0,0,0,0,0,0,0,0,0,0,0,0,0,0,0,0,0,0,0,0,0,0,0,0,0,0,0,0,0,0,0,0,0,0,0,0,0,0,0,0,0,0,0,0,0,0,0,0,0,0,0,0,0,0,0,0,0,0,0,0,0,0,0,0,0,0,0,0,0,0,0,0,0,0,0,0,0,0,0,0,0,0,0,0,0,0,0,0,0,0,0,0,0,0,0,0,0,0,0,0,0,0,0,0,0,0,0,0,0,0,0,0,0,0,0,0,0,0,0,0,0,0,0,0,0,0,0,0,0,0,0,0,0,0,0,228,61,0,0,0,0,0,0,0,0,0,0,0,0,0,0,0,10,89,0,0,0,0,0,0,0,0,0,211,235,64,0,0,0,0,0,0,0,0,0,0,0,0,17,171,217,250,213,0,0,0,0,0,0,0,0,89,249,183,11,0,0,0,0,0,0,0,0,0,0,18,107,252,252,252,217,0,0,0,0,0,0,0,0,0,240,252,39,0,0,0,0,0,0,0,0,0,17,176,252,252,252,252,217,0,0,0,0,0,0,0,0,0,240,252,39,0,0,0,0,0,0,0,17,90,198,252,252,252,252,221,79,0,0,0,0,0,0,0,0,0,240,252,53,0,0,0,0,0,0,13,123,252,252,252,252,233,140,39,0,0,0,0,0,0,0,0,0,0,240,252,95,0,0,0,0,0,8,197,252,252,252,248,140,33,0,0,0,0,0,0,0,0,0,0,0,0,240,252,39,0,0,0,0,8,196,253,252,252,209,88,0,0,0,0,0,0,0,0,0,0,0,0,0,0,241,253,39,0,0,0,13,197,253,255,253,253,110,0,0,0,0,0,0,0,0,0,0,0,0,0,0,51,245,252,39,0,0,95,241,252,252,253,252,37,2,0,0,0,0,0,0,0,0,0,0,0,0,0,0,121,252,252,39,75,122,244,252,252,252,159,103,3,0,0,0,0,0,0,0,0,0,0,0,0,0,0,0,121,252,252,219,244,252,252,252,248,102,0,0,0,0,0,0,0,0,0,0,0,0,0,0,0,0,0,0,226,252,252,252,252,252,252,126,50,0,0,0,0,0,0,0,0,0,0,0,0,0,0,0,0,0,0,0,253,252,252,252,209,198,177,24,0,0,0,0,0,0,0,0,0,0,0,0,0,0,0,0,0,0,0,0,232,252,252,197,17,0,0,0,0,0,0,0,0,0,0,0,0,0,0,0,0,0,0,0,0,0,0,0,44,93,93,63,0,0,0,0,0,0,0,0,0,0,0,0,0,0,0,0,0,0,0,0,0,0,0,0,0,0,0,0,0,0,0,0,0,0,0,0,0,0,0,0,0,0,0,0,0,0,0,0,0,0,0,0,0,0,0,0,0,0,0,0,0,0,0,0,0,0,0,0,0,0,0,0,0,0,0,0,0,0,0,0,0,0,0,0,0,0,0,0,0,0,0,0,0,0,0,0,0,0,0,0,0,0,0,0,0,0,0,0,0,0,0,0,0,0,0,0,0,0,0,0,0,0,0,0,0,0,0,0,0,0,0,0,0,0,0,0,0,0,0,0,0,0,0,0,0,0,0,0,0,0,0,0,0,0,0,0,0,0
2,0,0,0,0,0,0,0,0,0,0,0,0,0,0,0,0,0,0,0,0,0,0,0,0,0,0,0,0,0,0,0,0,0,0,0,0,0,0,0,0,0,0,0,0,0,0,0,0,0,0,0,0,0,0,0,0,0,0,0,0,0,0,0,0,0,0,0,0,0,0,0,0,0,0,0,0,0,0,0,0,0,0,0,0,0,0,0,0,0,0,0,0,0,0,0,0,0,0,0,0,0,0,0,0,0,0,0,0,0,0,0,0,0,0,0,0,0,0,0,0,0,0,0,0,0,0,0,0,0,0,0,0,0,7,57,0,0,0,0,0,0,0,0,0,0,0,0,0,0,0,0,0,0,0,0,0,0,0,0,0,80,248,250,121,0,0,0,0,0,0,0,0,0,0,0,0,0,98,112,20,0,0,0,0,0,0,0,12,195,253,253,123,0,0,0,0,0,0,0,0,0,0,0,0,91,251,253,45,0,0,0,0,0,0,0,81,253,253,253,176,0,0,0,0,0,0,0,0,0,0,0,95,238,218,112,5,0,0,0,0,0,0,30,244,253,253,253,135,0,0,0,0,0,0,0,0,0,0,88,225,253,48,0,0,0,0,0,0,0,0,33,253,253,253,247,16,0,0,0,0,0,0,0,0,0,0,241,253,170,5,0,0,0,0,0,0,0,0,33,253,253,253,135,0,0,0,0,0,0,0,0,0,0,204,251,167,28,0,0,0,0,0,0,0,0,0,140,253,253,242,21,0,0,0,0,0,0,0,0,0,36,249,253,113,0,0,0,0,0,0,0,0,0,0,163,253,248,105,0,0,0,0,0,0,0,0,0,0,125,253,225,14,0,0,0,0,0,0,0,0,0,11,186,253,234,0,0,0,0,0,0,0,0,0,0,0,191,253,142,0,0,0,0,0,0,0,0,0,11,156,253,253,166,0,0,0,0,0,0,0,0,0,0,0,218,253,49,0,0,0,0,0,0,0,0,11,156,253,226,253,248,107,0,0,0,0,0,0,0,0,0,0,255,253,12,0,0,0,0,0,0,0,11,156,253,226,38,186,253,242,21,0,0,0,0,0,0,0,0,0,254,253,12,0,0,0,0,0,0,44,189,253,202,71,0,70,253,253,117,0,0,0,0,0,0,0,0,0,254,253,12,0,0,0,0,0,27,157,253,246,68,0,0,23,240,253,183,0,0,0,0,0,0,0,0,0,241,253,105,16,0,0,9,67,234,253,203,77,0,0,0,0,150,253,183,0,0,0,0,0,0,0,0,0,51,250,253,211,150,150,184,253,248,132,27,0,0,0,0,0,73,245,48,0,0,0,0,0,0,0,0,0,0,235,253,253,253,253,242,240,105,0,0,0,0,0,0,22,144,160,0,0,0,0,0,0,0,0,0,0,0,0,111,117,117,117,18,0,0,0,0,0,0,0,0,156,104,0,0,0,0,0,0,0,0,0,0,0,0,0,0,0,0,0,0,0,0,0,0,0,0,0,0,77,51,0,0,0,0,0,0,0,0,0,0,0,0,0,0,0,0,0,0,0,0,0,0,0,0,0,0,0,0,0,0,0,0,0,0,0,0,0,0,0,0,0,0,0,0,0,0,0,0,0,0,0,0,0,0,0,0,0,0,0,0,0,0,0,0,0,0,0,0,0,0,0,0,0,0,0,0,0,0,0,0,0,0,0,0,0,0,0,0,0,0,0,0,0,0,0,0,0,0,0,0,0,0,0,0,0,0,0,0,0,0,0,0,0,0,0,0,0,0,0
7,0,0,0,0,0,0,0,0,0,0,0,0,0,0,0,0,0,0,0,0,0,0,0,0,0,0,0,0,0,0,0,0,0,0,0,0,0,0,0,0,0,0,0,0,0,0,0,0,0,0,0,0,0,0,0,0,0,0,0,0,0,0,0,0,0,0,0,0,0,0,0,0,0,0,0,0,0,0,0,0,0,0,0,0,0,0,0,0,0,0,0,0,0,0,4,132,128,0,0,0,0,0,0,0,0,0,0,0,0,0,0,0,0,0,0,0,0,0,0,0,0,0,174,253,195,0,0,0,0,0,0,0,0,0,0,0,0,0,0,0,0,0,0,0,0,0,0,0,26,166,251,253,90,0,0,0,0,0,0,0,0,0,0,0,0,0,0,0,0,0,0,0,0,0,0,61,207,253,253,177,0,0,0,0,0,0,0,0,0,0,0,0,0,0,0,0,0,0,0,0,0,0,0,156,254,254,244,45,0,0,0,0,0,0,0,0,0,0,0,0,0,0,0,0,0,0,0,0,0,0,0,148,253,253,124,0,0,0,0,0,0,0,0,0,0,0,0,0,0,0,0,0,0,0,0,0,0,0,0,89,253,253,19,0,0,0,0,0,0,0,0,0,0,0,0,0,0,0,0,0,0,0,0,0,0,0,0,81,253,128,2,0,0,0,0,0,0,0,0,0,0,0,0,0,0,0,0,0,0,0,0,0,0,0,0,156,245,48,0,0,0,0,0,0,0,0,0,0,0,0,0,0,0,0,0,0,0,0,0,0,0,0,0,255,234,0,0,0,0,0,0,0,0,0,0,19,201,119,0,0,0,0,0,0,0,0,0,0,0,0,0,254,195,0,0,0,0,0,0,0,0,0,2,167,253,73,80,118,118,118,72,0,0,0,0,0,0,0,0,254,233,0,0,0,0,0,0,0,0,19,92,253,253,193,254,253,253,253,193,0,0,0,0,0,0,0,0,254,233,0,0,0,0,0,0,37,77,239,253,253,253,237,214,168,117,117,34,0,0,0,0,0,0,0,0,216,233,0,0,0,0,8,165,248,253,254,253,253,185,36,0,0,0,0,0,0,0,0,0,0,0,0,0,156,246,48,0,46,179,254,254,254,171,0,215,254,117,0,0,0,0,0,0,0,0,0,0,0,0,0,0,148,253,226,214,244,254,251,165,46,9,0,214,253,34,0,0,0,0,0,0,0,0,0,0,0,0,0,0,41,241,253,253,253,152,72,0,0,0,0,214,253,19,0,0,0,0,0,0,0,0,0,0,0,0,0,0,0,24,87,19,19,0,0,0,0,0,0,181,213,16,0,0,0,0,0,0,0,0,0,0,0,0,0,0,0,0,0,0,0,0,0,0,0,0,0,0,0,0,0,0,0,0,0,0,0,0,0,0,0,0,0,0,0,0,0,0,0,0,0,0,0,0,0,0,0,0,0,0,0,0,0,0,0,0,0,0,0,0,0,0,0,0,0,0,0,0,0,0,0,0,0,0,0,0,0,0,0,0,0,0,0,0,0,0,0,0,0,0,0,0,0,0,0,0,0,0,0,0,0,0,0,0,0,0,0,0,0,0,0,0,0,0,0,0,0,0,0,0,0,0,0,0,0,0,0,0,0,0,0,0,0,0,0,0,0,0,0,0,0,0,0,0,0,0,0,0,0,0,0,0,0,0,0,0,0,0,0,0,0,0,0,0,0,0,0,0,0,0,0,0,0,0,0,0,0,0,0,0,0,0,0,0,0,0,0,0,0,0,0,0,0,0,0
1,0,0,0,0,0,0,0,0,0,0,0,0,0,0,0,0,0,0,0,0,0,0,0,0,0,0,0,0,0,0,0,0,0,0,0,0,0,0,0,0,0,0,0,0,0,0,0,0,0,0,0,0,0,0,0,0,0,0,0,0,0,0,0,0,0,0,0,0,0,0,0,0,0,0,0,0,0,0,0,0,0,0,0,0,0,0,0,0,0,0,0,0,0,0,0,0,0,0,0,0,0,0,0,0,0,0,0,0,0,0,0,0,0,0,0,0,0,0,0,0,0,0,0,0,0,0,0,0,0,0,0,0,0,0,0,0,0,0,0,0,0,0,0,0,0,0,0,0,0,0,0,0,0,0,0,0,0,0,0,0,0,0,0,0,0,0,0,0,0,0,0,0,0,0,0,0,0,0,0,0,0,0,0,0,0,0,0,0,0,0,0,0,0,0,0,0,0,0,0,0,0,0,0,0,0,0,0,0,0,0,0,0,0,0,0,0,0,0,0,0,0,0,0,0,0,0,0,0,0,0,0,0,0,0,0,0,0,0,0,0,0,0,0,0,0,0,0,0,0,0,0,0,0,0,0,0,0,0,0,0,0,0,0,0,0,0,0,0,0,0,0,0,0,0,0,0,0,0,0,0,0,0,0,0,0,0,0,0,0,0,0,0,0,0,0,0,0,0,0,0,0,0,0,0,0,0,0,0,0,0,0,0,0,13,6,0,0,0,0,0,0,0,0,0,0,0,0,0,0,0,0,0,0,0,0,0,0,0,0,0,0,218,189,169,169,169,109,64,59,0,0,0,0,0,0,0,0,0,0,0,0,0,0,0,0,0,0,0,0,209,252,252,252,252,253,252,249,211,211,212,211,211,167,211,212,131,106,106,18,0,0,0,0,0,0,0,0,62,185,215,253,253,254,253,253,253,253,255,253,253,253,253,255,253,253,253,209,0,0,0,0,0,0,0,0,0,0,6,63,63,168,168,210,252,252,253,252,252,252,252,253,252,252,252,182,0,0,0,0,0,0,0,0,0,0,0,0,0,0,0,11,21,21,21,21,21,21,21,21,21,21,21,4,0,0,0,0,0,0,0,0,0,0,0,0,0,0,0,0,0,0,0,0,0,0,0,0,0,0,0,0,0,0,0,0,0,0,0,0,0,0,0,0,0,0,0,0,0,0,0,0,0,0,0,0,0,0,0,0,0,0,0,0,0,0,0,0,0,0,0,0,0,0,0,0,0,0,0,0,0,0,0,0,0,0,0,0,0,0,0,0,0,0,0,0,0,0,0,0,0,0,0,0,0,0,0,0,0,0,0,0,0,0,0,0,0,0,0,0,0,0,0,0,0,0,0,0,0,0,0,0,0,0,0,0,0,0,0,0,0,0,0,0,0,0,0,0,0,0,0,0,0,0,0,0,0,0,0,0,0,0,0,0,0,0,0,0,0,0,0,0,0,0,0,0,0,0,0,0,0,0,0,0,0,0,0,0,0,0,0,0,0,0,0,0,0,0,0,0,0,0,0,0,0,0,0,0,0,0,0,0,0,0,0,0,0,0,0,0,0,0,0,0,0,0,0,0,0,0,0,0,0,0,0,0,0,0,0,0,0,0,0,0,0,0,0,0,0,0,0,0,0,0,0,0,0,0,0,0,0,0,0,0,0,0,0,0,0,0,0,0,0,0,0,0,0,0,0,0,0,0,0,0,0,0,0,0,0,0,0,0,0,0,0,0,0,0,0,0,0,0,0,0,0,0,0,0,0,0,0,0,0,0,0
2,0,0,0,0,0,0,0,0,0,0,0,0,0,0,0,0,0,0,0,0,0,0,0,0,0,0,0,0,0,0,0,0,0,0,0,0,0,0,0,0,0,0,0,0,0,0,0,0,0,0,0,0,0,0,0,0,0,0,0,0,0,0,0,0,0,0,0,0,0,0,0,0,0,0,0,0,0,0,0,0,0,0,0,0,0,0,0,0,0,0,0,0,0,0,0,0,0,0,0,0,0,0,0,0,0,0,0,0,0,0,0,0,0,0,0,0,0,0,0,0,0,0,0,0,0,0,0,0,0,0,0,0,0,0,0,0,0,0,0,0,0,0,0,0,0,0,0,0,0,0,0,0,0,0,0,0,0,0,0,0,0,0,0,0,0,0,0,0,0,0,0,0,0,0,0,0,0,0,0,0,0,0,0,0,0,0,0,0,0,0,0,0,0,0,0,0,0,0,0,0,0,0,0,0,20,40,0,0,0,0,0,0,0,0,0,0,0,0,4,55,0,0,0,0,0,0,0,0,0,0,0,23,205,104,0,0,0,0,0,0,0,0,0,0,21,128,221,254,0,0,0,0,0,0,0,0,0,0,3,184,247,20,0,0,0,0,0,0,0,0,7,135,231,254,254,254,0,0,0,0,0,0,0,0,0,0,70,254,98,0,0,0,0,0,0,0,0,79,207,254,182,99,254,188,0,0,0,0,0,0,0,0,0,36,242,243,26,0,0,0,0,0,0,16,164,255,228,66,0,128,254,105,0,0,0,0,0,0,0,0,0,191,254,99,0,0,0,0,0,20,146,201,226,128,37,0,32,232,254,72,0,0,0,0,0,0,0,0,50,245,235,27,0,0,0,32,134,231,244,132,31,0,0,0,101,254,192,11,0,0,0,0,0,0,0,0,170,254,233,110,110,110,110,214,200,144,72,0,0,0,0,0,184,251,70,0,0,0,0,0,0,0,0,0,254,254,254,254,254,254,234,149,16,0,0,0,0,0,0,53,249,185,0,0,0,0,0,0,0,0,0,0,59,175,182,182,149,33,0,0,0,0,0,0,0,0,0,190,239,59,0,0,0,0,0,0,0,0,0,0,0,0,0,0,0,0,0,0,0,0,0,0,0,0,20,254,179,0,0,0,0,0,0,0,0,0,0,0,0,0,0,0,0,0,0,0,0,0,0,0,0,0,136,254,96,0,0,0,0,0,0,0,0,0,0,0,0,0,0,0,0,0,0,0,0,0,0,0,0,15,238,197,4,0,0,0,0,0,0,0,0,0,0,0,0,0,0,0,0,0,0,0,0,0,0,0,0,84,254,117,0,0,0,0,0,0,0,0,0,0,0,0,0,0,0,0,0,0,0,0,0,0,0,0,11,216,228,0,0,0,0,0,0,0,0,0,0,0,0,0,0,0,0,0,0,0,0,0,0,0,0,0,122,250,63,0,0,0,0,0,0,0,0,0,0,0,0,0,0,0,0,0,0,0,0,0,0,0,0,0,205,144,0,0,0,0,0,0,0,0,0,0,0,0,0,0,0,0,0,0,0,0,0,0,0,0,0,0,47,12,0,0,0,0,0,0,0,0,0,0,0,0,0,0,0,0,0,0,0,0,0,0,0,0,0,0,0,0,0,0,0,0,0,0,0,0,0,0,0,0,0,0,0,0,0,0,0,0,0,0,0,0,0,0,0,0,0,0,0,0,0,0,0,0,0,0,0,0,0,0,0,0,0,0,0,0,0,0,0,0,0,0,0,0,0,0,0,0,0,0,0,0,0,0
1,0,0,0,0,0,0,0,0,0,0,0,0,0,0,0,0,0,0,0,0,0,0,0,0,0,0,0,0,0,0,0,0,0,0,0,0,0,0,0,0,0,0,0,0,0,0,0,0,0,0,0,0,0,0,0,0,0,0,0,0,0,0,0,0,0,0,0,0,0,0,0,0,0,0,0,0,0,0,0,0,0,0,0,0,0,0,0,0,0,0,0,0,0,0,0,0,0,0,0,0,0,0,0,0,0,0,0,0,0,0,0,0,0,0,0,0,0,0,0,0,0,0,0,0,0,0,0,0,0,0,0,0,0,0,0,0,0,0,0,0,0,0,0,0,0,0,0,0,0,0,0,0,0,0,0,0,0,0,0,0,0,0,0,0,0,0,0,0,0,0,0,0,0,0,0,0,0,0,0,0,0,0,0,0,0,0,0,0,0,0,0,0,0,0,0,0,0,0,0,0,0,0,0,0,0,0,0,0,0,0,0,0,0,0,0,0,0,0,0,0,0,0,0,0,0,0,0,0,0,0,0,0,0,0,0,0,0,0,0,0,0,0,0,0,0,0,0,0,0,0,0,0,0,0,0,0,0,0,0,0,0,0,0,0,0,0,0,0,0,0,0,0,0,0,0,0,0,0,0,0,0,0,0,0,0,0,0,0,0,0,0,0,0,0,0,0,0,0,0,0,0,0,0,0,0,0,0,0,0,0,0,0,0,0,0,0,0,0,0,0,10,44,44,44,44,44,23,27,19,23,24,0,0,0,0,0,0,0,0,0,0,0,0,0,0,0,34,135,192,254,254,254,254,254,215,223,208,215,217,114,0,0,0,0,0,0,0,0,0,31,66,181,181,181,230,254,254,254,254,254,254,254,254,254,254,254,254,255,0,0,0,0,0,0,0,0,66,223,254,254,254,254,254,254,254,254,254,254,254,202,246,254,254,254,254,255,0,0,0,0,0,0,0,0,222,254,254,254,254,254,254,254,254,254,236,186,86,11,99,186,186,186,186,125,0,0,0,0,0,0,0,0,29,127,254,254,254,243,179,155,55,55,41,0,0,0,0,0,0,0,0,0,0,0,0,0,0,0,0,0,0,9,173,173,158,42,0,0,0,0,0,0,0,0,0,0,0,0,0,0,0,0,0,0,0,0,0,0,0,0,0,0,0,0,0,0,0,0,0,0,0,0,0,0,0,0,0,0,0,0,0,0,0,0,0,0,0,0,0,0,0,0,0,0,0,0,0,0,0,0,0,0,0,0,0,0,0,0,0,0,0,0,0,0,0,0,0,0,0,0,0,0,0,0,0,0,0,0,0,0,0,0,0,0,0,0,0,0,0,0,0,0,0,0,0,0,0,0,0,0,0,0,0,0,0,0,0,0,0,0,0,0,0,0,0,0,0,0,0,0,0,0,0,0,0,0,0,0,0,0,0,0,0,0,0,0,0,0,0,0,0,0,0,0,0,0,0,0,0,0,0,0,0,0,0,0,0,0,0,0,0,0,0,0,0,0,0,0,0,0,0,0,0,0,0,0,0,0,0,0,0,0,0,0,0,0,0,0,0,0,0,0,0,0,0,0,0,0,0,0,0,0,0,0,0,0,0,0,0,0,0,0,0,0,0,0,0,0,0,0,0,0,0,0,0,0,0,0,0,0,0,0,0,0,0,0,0,0,0,0,0,0,0,0,0,0,0,0,0,0,0,0,0,0,0,0,0,0,0,0,0,0,0,0,0,0,0,0,0,0,0,0,0,0,0,0,0,0,0,0,0,0,0,0
1,0,0,0,0,0,0,0,0,0,0,0,0,0,0,0,0,0,0,0,0,0,0,0,0,0,0,0,0,0,0,0,0,0,0,0,0,0,0,0,0,0,0,0,0,0,0,0,0,0,0,0,0,0,0,0,0,0,0,0,0,0,0,0,0,0,0,0,0,0,0,0,0,0,0,0,0,0,0,0,0,0,0,0,0,0,0,0,0,0,0,0,0,0,0,0,0,0,0,0,0,0,0,0,0,0,0,0,0,0,0,0,0,0,0,0,0,0,0,0,0,0,0,0,0,0,0,0,0,0,0,0,0,0,0,0,0,0,0,0,0,0,0,0,0,0,0,0,0,0,0,0,0,0,0,0,0,0,0,0,0,0,0,0,0,0,0,0,0,0,0,0,0,0,0,0,0,0,0,0,0,0,0,0,0,0,0,0,0,0,0,0,0,0,0,0,0,0,0,0,0,0,0,0,0,0,0,0,0,0,0,0,0,0,0,0,0,0,0,0,0,0,0,0,0,0,0,0,0,0,0,0,0,0,0,0,0,0,0,0,0,0,0,0,0,0,0,0,0,0,0,0,0,0,0,0,0,0,0,0,0,0,0,0,0,0,0,0,0,0,0,0,0,0,0,0,0,0,0,0,0,0,0,0,0,0,0,0,0,0,0,0,0,0,0,0,0,0,0,0,0,0,0,0,0,0,0,0,0,0,0,0,0,0,0,0,0,0,0,0,0,0,0,0,0,0,0,0,0,0,0,0,0,0,0,0,0,0,0,0,0,0,0,0,0,0,0,0,0,0,0,0,0,0,0,0,0,0,7,54,101,0,0,0,0,0,0,0,0,161,217,133,78,66,0,0,0,0,0,31,78,78,128,165,231,231,233,253,253,0,0,0,0,0,0,0,0,31,151,231,231,234,254,254,254,254,254,255,254,233,231,231,212,151,78,38,0,0,0,0,0,0,0,0,0,0,0,0,0,9,54,54,54,93,84,77,54,7,0,0,0,0,0,0,0,0,0,0,0,0,0,0,0,0,0,0,0,0,0,0,0,0,0,0,0,0,0,0,0,0,0,0,0,0,0,0,0,0,0,0,0,0,0,0,0,0,0,0,0,0,0,0,0,0,0,0,0,0,0,0,0,0,0,0,0,0,0,0,0,0,0,0,0,0,0,0,0,0,0,0,0,0,0,0,0,0,0,0,0,0,0,0,0,0,0,0,0,0,0,0,0,0,0,0,0,0,0,0,0,0,0,0,0,0,0,0,0,0,0,0,0,0,0,0,0,0,0,0,0,0,0,0,0,0,0,0,0,0,0,0,0,0,0,0,0,0,0,0,0,0,0,0,0,0,0,0,0,0,0,0,0,0,0,0,0,0,0,0,0,0,0,0,0,0,0,0,0,0,0,0,0,0,0,0,0,0,0,0,0,0,0,0,0,0,0,0,0,0,0,0,0,0,0,0,0,0,0,0,0,0,0,0,0,0,0,0,0,0,0,0,0,0,0,0,0,0,0,0,0,0,0,0,0,0,0,0,0,0,0,0,0,0,0,0,0,0,0,0,0,0,0,0,0,0,0,0,0,0,0,0,0,0,0,0,0,0,0,0,0,0,0,0,0,0,0,0,0,0,0,0,0,0,0,0,0,0,0,0,0,0,0,0,0,0,0,0,0,0,0,0,0,0,0,0,0,0,0,0,0,0,0,0,0,0,0,0,0,0,0,0,0,0,0,0,0,0,0,0,0,0,0,0,0,0,0,0,0,0,0,0,0,0,0,0,0
7,0,0,0,0,0,0,0,0,0,0,0,0,0,0,0,0,0,0,0,0,0,0,0,0,0,0,0,0,0,0,0,0,0,0,0,0,0,0,0,0,0,0,0,0,0,0,0,0,0,0,0,0,0,0,0,0,0,0,0,0,0,0,0,0,0,0,0,0,0,0,0,0,0,0,0,0,0,0,0,0,0,0,0,0,0,0,0,0,0,0,0,0,0,0,0,0,0,0,0,0,0,0,0,0,0,0,0,0,0,0,0,0,0,0,0,0,0,0,0,0,0,0,0,0,0,0,0,0,0,0,0,0,0,0,0,0,0,0,0,0,0,0,0,0,0,0,0,0,0,0,0,0,0,0,0,0,0,0,0,0,0,0,0,0,0,0,0,0,0,0,0,0,0,0,0,0,0,27,43,0,0,0,0,0,0,0,0,0,0,0,0,0,0,0,0,0,0,0,0,0,0,0,0,0,0,151,248,121,0,0,0,0,0,0,0,0,0,0,0,0,0,0,0,0,0,0,0,0,0,0,0,0,28,239,254,72,0,0,0,0,0,0,0,0,0,0,0,0,0,0,0,0,0,0,0,0,0,0,0,0,128,254,233,33,0,0,0,0,0,0,0,0,0,0,0,0,0,0,0,0,0,0,0,0,0,0,0,0,213,254,40,0,0,0,0,0,0,0,0,0,0,0,0,0,0,0,0,0,0,0,0,0,0,0,0,22,245,222,15,0,0,0,0,0,0,0,0,0,0,0,0,51,161,228,168,0,0,0,0,0,0,0,0,97,254,204,0,0,0,0,0,0,0,0,0,0,0,16,140,233,227,124,6,0,0,0,0,0,0,0,0,181,254,189,0,0,0,0,0,0,40,40,0,3,134,197,225,106,17,0,0,0,0,0,0,0,0,0,0,254,246,70,0,0,0,0,0,0,223,248,140,186,254,168,43,0,0,0,0,0,0,0,0,0,0,0,0,255,239,27,0,0,0,0,6,102,205,254,254,208,119,2,0,0,0,0,0,0,0,0,0,0,0,0,0,221,254,215,96,76,94,124,203,254,254,254,254,71,0,0,0,0,0,0,0,0,0,0,0,0,0,0,0,106,254,254,254,254,254,254,174,122,115,254,248,49,0,0,0,0,0,0,0,0,0,0,0,0,0,0,0,3,94,98,111,187,149,40,1,0,33,242,209,74,0,0,0,0,0,0,0,0,0,0,0,0,0,0,0,0,0,0,0,0,0,0,0,0,0,191,254,191,0,0,0,0,0,0,0,0,0,0,0,0,0,0,0,0,0,0,0,0,0,0,0,0,0,71,213,134,0,0,0,0,0,0,0,0,0,0,0,0,0,0,0,0,0,0,0,0,0,0,0,0,0,0,0,0,0,0,0,0,0,0,0,0,0,0,0,0,0,0,0,0,0,0,0,0,0,0,0,0,0,0,0,0,0,0,0,0,0,0,0,0,0,0,0,0,0,0,0,0,0,0,0,0,0,0,0,0,0,0,0,0,0,0,0,0,0,0,0,0,0,0,0,0,0,0,0,0,0,0,0,0,0,0,0,0,0,0,0,0,0,0,0,0,0,0,0,0,0,0,0,0,0,0,0,0,0,0,0,0,0,0,0,0,0,0,0,0,0,0,0,0,0,0,0,0,0,0,0,0,0,0,0,0,0,0,0,0,0,0,0,0,0,0,0,0,0,0,0,0,0,0,0,0,0,0,0,0,0,0,0,0,0,0,0,0,0,0,0,0,0,0,0,0,0,0,0,0,0,0,0,0
4,0,0,0,0,0,0,0,0,0,0,0,0,0,0,0,0,0,0,0,0,0,0,0,0,0,0,0,0,0,0,0,0,0,0,0,0,0,0,0,0,0,0,0,0,0,0,0,0,0,0,0,0,0,0,0,0,0,0,0,0,0,0,0,0,0,0,0,0,0,0,0,0,0,0,0,0,0,0,0,0,0,0,0,0,0,0,0,0,0,0,0,0,0,0,0,0,0,0,0,0,0,0,0,0,0,0,0,0,0,0,0,0,0,0,0,0,0,0,0,0,0,0,0,0,0,0,0,0,0,0,0,0,0,0,0,0,0,0,0,0,0,0,0,0,0,0,0,0,0,0,0,0,0,0,0,0,0,0,0,0,0,0,0,0,0,0,0,0,0,0,0,0,0,0,0,0,0,0,0,0,0,0,0,0,0,0,0,0,0,0,0,0,0,0,0,0,0,0,0,0,0,0,0,0,0,14,58,58,150,153,105,0,0,0,0,0,0,0,0,0,0,0,0,0,0,0,0,0,0,0,121,131,216,225,254,254,254,254,241,161,68,0,0,0,0,0,0,0,0,0,0,0,0,0,0,0,0,0,255,254,254,254,254,254,254,254,254,254,176,0,0,0,0,0,0,0,0,0,0,0,0,0,0,0,0,0,165,153,105,84,46,9,9,9,40,169,253,99,0,0,0,0,0,0,0,0,0,0,0,0,0,0,0,0,0,0,0,0,0,0,0,0,0,100,254,177,0,0,0,0,0,0,0,0,0,0,0,0,0,0,0,0,0,0,0,0,0,0,0,0,27,244,254,146,0,0,0,0,0,0,0,0,0,0,0,0,0,0,0,0,0,0,0,0,0,0,0,92,244,254,245,35,0,0,0,0,0,0,0,0,0,0,0,0,0,0,0,0,0,0,0,0,0,0,127,246,254,254,167,110,206,130,174,155,185,206,194,27,0,0,0,0,0,0,0,0,0,0,0,0,8,146,251,254,254,254,254,254,254,254,254,254,254,254,254,192,0,0,0,0,0,0,0,0,0,0,0,85,186,254,254,254,254,254,254,254,254,219,210,124,115,115,115,115,0,0,0,0,0,0,0,0,70,106,140,233,254,254,254,254,254,252,202,148,131,11,0,0,0,0,0,0,0,0,0,0,0,0,0,0,254,254,254,254,254,254,239,181,150,70,0,0,0,0,0,0,0,0,0,0,0,0,0,0,0,0,0,0,179,249,240,215,206,120,22,0,0,0,0,0,0,0,0,0,0,0,0,0,0,0,0,0,0,0,0,0,0,50,37,0,0,0,0,0,0,0,0,0,0,0,0,0,0,0,0,0,0,0,0,0,0,0,0,0,0,0,0,0,0,0,0,0,0,0,0,0,0,0,0,0,0,0,0,0,0,0,0,0,0,0,0,0,0,0,0,0,0,0,0,0,0,0,0,0,0,0,0,0,0,0,0,0,0,0,0,0,0,0,0,0,0,0,0,0,0,0,0,0,0,0,0,0,0,0,0,0,0,0,0,0,0,0,0,0,0,0,0,0,0,0,0,0,0,0,0,0,0,0,0,0,0,0,0,0,0,0,0,0,0,0,0,0,0,0,0,0,0,0,0,0,0,0,0,0,0,0,0,0,0,0,0,0,0,0,0,0,0,0,0,0,0,0,0,0,0,0,0,0,0,0,0,0,0,0,0,0,0,0,0,0,0,0,0,0,0,0,0,0,0,0,0,0,0,0,0,0,0,0,0,0,0,0,0,0,0,0,0,0,0,0,0,0,0,0
2,0,0,0,0,0,0,0,0,0,0,0,0,0,0,0,0,0,0,0,0,0,0,0,0,0,0,0,0,0,0,0,0,0,0,0,0,0,0,0,0,0,0,0,0,0,0,0,0,0,0,0,0,0,0,0,0,0,0,0,0,0,0,0,0,0,0,0,0,0,0,0,0,0,0,0,0,0,0,0,0,0,0,0,0,0,0,0,0,0,0,0,0,0,0,0,0,0,0,0,0,0,0,0,0,0,0,0,0,0,0,0,0,0,0,0,0,0,0,0,0,0,0,0,0,0,0,0,0,0,0,0,0,0,0,0,0,0,0,0,0,0,0,0,0,0,0,0,0,0,0,0,0,0,0,0,0,0,0,0,173,253,102,0,0,0,0,0,0,0,0,0,0,0,0,0,0,0,0,0,0,0,0,0,0,0,0,123,253,252,102,0,0,0,0,0,0,0,0,0,0,0,0,0,0,0,0,0,0,0,0,0,0,0,11,213,255,253,41,0,0,0,0,0,0,0,0,0,0,0,0,0,0,0,0,0,0,0,0,0,0,0,51,252,253,130,0,0,0,0,0,0,0,0,0,0,0,0,0,0,0,0,0,0,0,0,0,0,0,0,173,253,224,20,0,0,0,0,0,0,0,0,0,0,0,0,0,0,0,0,0,0,0,0,0,0,0,82,253,252,40,0,0,0,0,0,0,0,0,0,0,0,0,0,0,0,0,0,0,0,0,0,0,21,132,253,254,192,0,0,0,0,0,0,0,0,0,0,0,0,0,0,0,0,0,0,0,0,0,0,21,203,253,252,253,111,0,0,0,0,0,0,0,0,0,0,0,0,0,0,0,0,0,0,0,0,11,132,254,233,102,223,254,50,0,0,0,0,0,0,0,0,0,0,0,0,0,41,82,0,0,0,0,41,173,252,192,50,0,203,213,10,0,0,0,0,0,0,0,0,0,0,0,0,0,102,214,31,0,41,72,233,224,162,0,0,31,233,102,0,0,0,0,0,0,0,0,0,0,0,0,0,0,102,253,232,203,243,253,212,20,0,0,0,51,252,102,0,0,0,0,0,0,0,0,0,0,0,0,0,0,0,163,223,244,162,41,0,0,0,0,0,51,253,0,0,0,0,0,0,0,0,0,0,0,0,0,0,0,0,0,20,40,0,0,0,0,0,0,0,51,252,0,0,0,0,0,0,0,0,0,0,0,0,0,0,0,0,0,0,0,0,0,0,0,0,0,0,113,253,0,0,0,0,0,0,0,0,0,0,0,0,0,0,0,0,0,0,0,0,0,0,0,0,0,0,112,252,0,0,0,0,0,0,0,0,0,0,0,0,0,0,0,0,0,0,0,0,0,0,0,0,0,0,113,253,0,0,0,0,0,0,0,0,0,0,0,0,0,0,0,0,0,0,0,0,0,0,0,0,0,0,152,252,0,0,0,0,0,0,0,0,0,0,0,0,0,0,0,0,0,0,0,0,0,0,0,0,0,0,132,253,163,0,0,0,0,0,0,0,0,0,0,0,0,0,0,0,0,0,0,0,0,0,0,0,0,0,10,91,203,40,0,0,0,0,0,0,0,0,0,0,0,0,0,0,0,0,0,0,0,0,0,0,0,0,0,0,0,0,0,0,0,0,0,0,0,0,0,0,0,0,0,0,0,0,0,0,0,0,0,0,0,0,0,0,0,0,0,0,0,0,0,0,0,0,0,0,0,0,0,0,0,0,0,0,0,0,0,0,0,0,0,0,0,0,0,0,0,0,0,0,0,0,0
3,0,0,0,0,0,0,0,0,0,0,0,0,0,0,0,0,0,0,0,0,0,0,0,0,0,0,0,0,0,0,0,0,0,0,0,0,0,0,0,0,0,0,0,0,0,0,0,0,0,0,0,0,0,0,0,0,0,0,0,0,0,0,0,0,0,0,0,0,0,0,0,0,0,0,0,0,0,0,0,0,0,0,0,0,0,0,0,0,0,0,0,0,0,0,0,0,0,0,0,0,0,0,0,0,0,0,0,0,0,0,0,0,0,0,0,0,0,0,0,0,0,0,0,0,0,0,0,0,0,0,0,0,0,0,0,0,0,0,0,0,0,0,0,0,0,0,0,0,0,0,0,0,0,0,0,0,0,0,0,0,0,0,0,0,0,0,0,0,0,0,0,0,0,0,0,0,0,0,0,0,0,0,0,0,0,0,0,0,0,0,0,0,0,0,0,0,0,0,0,0,0,0,0,0,0,0,0,0,0,0,0,0,0,0,0,0,0,0,0,0,0,0,0,0,0,0,0,0,0,23,155,140,0,0,0,0,0,0,0,0,0,0,0,0,0,0,0,0,0,0,0,0,0,0,0,0,23,211,241,84,0,0,0,0,0,0,0,0,0,0,0,0,0,0,0,0,0,0,0,0,0,0,0,0,151,253,152,0,0,0,0,0,0,0,0,0,0,0,0,0,0,96,167,107,0,0,0,0,0,0,0,0,255,253,135,0,0,0,0,0,36,50,37,0,0,0,0,0,97,248,253,253,0,0,0,0,0,0,0,0,254,253,248,162,7,56,78,180,232,253,185,0,0,0,0,0,230,253,253,226,0,0,0,0,0,0,0,0,163,253,253,247,194,253,253,253,253,253,235,41,0,0,0,74,247,253,253,38,0,0,0,0,0,0,0,0,32,68,185,192,253,253,208,185,200,253,253,89,0,0,26,202,253,253,130,2,0,0,0,0,0,0,0,0,0,0,0,6,55,55,19,0,56,253,253,201,15,0,129,253,253,129,3,0,0,0,0,0,0,0,0,0,0,0,0,0,0,0,0,0,11,159,253,253,214,205,246,253,168,4,0,0,0,0,0,0,0,0,0,0,0,0,0,0,0,0,0,0,0,41,190,253,253,253,253,219,37,0,0,0,0,0,0,0,0,0,0,0,0,0,0,0,0,0,0,0,0,0,10,206,253,253,219,37,0,0,0,0,0,0,0,0,0,0,0,0,0,0,0,0,0,0,0,0,0,0,0,24,30,30,19,0,0,0,0,0,0,0,0,0,0,0,0,0,0,0,0,0,0,0,0,0,0,0,0,0,0,0,0,0,0,0,0,0,0,0,0,0,0,0,0,0,0,0,0,0,0,0,0,0,0,0,0,0,0,0,0,0,0,0,0,0,0,0,0,0,0,0,0,0,0,0,0,0,0,0,0,0,0,0,0,0,0,0,0,0,0,0,0,0,0,0,0,0,0,0,0,0,0,0,0,0,0,0,0,0,0,0,0,0,0,0,0,0,0,0,0,0,0,0,0,0,0,0,0,0,0,0,0,0,0,0,0,0,0,0,0,0,0,0,0,0,0,0,0,0,0,0,0,0,0,0,0,0,0,0,0,0,0,0,0,0,0,0,0,0,0,0,0,0,0,0,0,0,0,0,0,0,0,0,0,0,0,0,0,0,0,0,0,0,0,0,0,0,0,0,0,0,0,0,0,0,0,0,0,0,0,0,0,0,0,0,0,0,0,0,0,0,0,0,0,0,0,0,0,0,0,0,0,0,0,0,0,0
5,0,0,0,0,0,0,0,0,0,0,0,0,0,0,0,0,0,0,0,0,0,0,0,0,0,0,0,0,0,0,0,0,0,0,0,0,0,0,0,0,0,0,0,0,0,0,0,0,0,0,0,0,0,0,0,0,0,0,0,0,0,0,0,0,0,0,0,0,0,0,0,0,0,0,0,0,0,0,0,0,0,0,0,0,0,0,0,0,0,0,0,0,0,0,0,0,0,0,0,0,0,0,0,0,0,0,0,0,0,0,0,0,0,0,0,0,0,0,0,0,0,0,0,0,0,0,0,0,0,0,0,0,0,0,0,0,0,0,0,0,0,0,0,0,0,0,0,0,0,0,0,0,0,0,0,0,0,0,0,0,0,0,0,0,0,0,0,0,0,0,0,0,0,0,0,0,0,0,0,0,0,0,0,0,0,0,0,0,0,0,0,0,0,0,0,0,0,0,0,0,0,0,0,0,0,0,0,0,0,0,0,0,0,0,0,0,21,0,0,0,0,0,0,0,0,0,0,0,0,0,0,0,0,0,0,0,0,0,0,0,0,0,82,203,223,204,162,41,0,0,0,0,0,0,0,0,0,0,0,0,0,0,0,0,0,0,41,152,51,21,183,183,102,123,223,234,30,0,0,0,0,0,0,0,0,0,0,0,0,0,0,0,0,123,243,253,151,0,0,0,0,0,102,253,131,0,0,0,0,0,0,0,0,0,21,51,51,51,92,173,253,254,253,183,20,0,0,0,0,0,21,255,192,0,0,0,0,0,0,0,0,163,223,253,252,253,252,253,252,253,130,0,0,0,0,0,0,0,102,253,111,0,0,0,0,0,0,0,0,193,253,102,102,102,102,102,223,224,20,0,0,0,0,0,0,0,163,255,50,0,0,0,0,0,0,0,0,152,252,0,0,0,0,0,203,203,0,0,0,0,0,0,0,41,243,172,10,0,0,0,0,0,0,0,0,92,253,21,0,0,0,0,203,203,0,0,0,0,0,0,21,173,253,82,0,0,0,0,0,0,0,0,0,51,252,102,0,0,0,0,203,223,20,0,0,0,0,21,203,253,171,0,0,0,0,0,0,0,0,0,0,51,253,62,0,0,0,0,82,254,253,132,51,113,193,254,253,203,20,0,0,0,0,0,0,0,0,0,0,51,252,102,0,0,0,0,0,71,232,253,252,253,252,253,130,20,0,0,0,0,0,0,0,0,0,0,0,51,253,102,0,0,0,0,0,0,41,102,102,102,102,41,0,0,0,0,0,0,0,0,0,0,0,0,0,31,192,61,0,0,0,0,0,0,0,0,0,0,0,0,0,0,0,0,0,0,0,0,0,0,0,0,0,0,82,183,61,0,0,0,0,0,0,0,0,0,0,0,0,0,0,0,0,0,0,0,0,0,0,0,0,0,0,40,0,0,0,0,0,0,0,0,0,0,0,0,0,0,0,0,0,0,0,0,0,0,0,0,0,0,0,0,0,0,0,0,0,0,0,0,0,0,0,0,0,0,0,0,0,0,0,0,0,0,0,0,0,0,0,0,0,0,0,0,0,0,0,0,0,0,0,0,0,0,0,0,0,0,0,0,0,0,0,0,0,0,0,0,0,0,0,0,0,0,0,0,0,0,0,0,0,0,0,0,0,0,0,0,0,0,0,0,0,0,0,0,0,0,0,0,0,0,0,0,0,0,0,0,0,0,0,0,0,0,0,0,0,0,0,0,0,0,0,0,0,0,0,0,0,0,0,0,0,0,0,0,0,0,0,0,0,0,0,0
1,0,0,0,0,0,0,0,0,0,0,0,0,0,0,0,0,0,0,0,0,0,0,0,0,0,0,0,0,0,0,0,0,0,0,0,0,0,0,0,0,0,0,0,0,0,0,0,0,0,0,0,0,0,0,0,0,0,0,0,0,0,0,0,0,0,0,0,0,0,0,0,0,0,0,0,0,0,0,0,0,0,0,0,0,0,0,0,0,0,0,0,0,0,0,0,0,0,0,0,0,0,0,0,0,0,0,0,0,0,0,0,0,0,0,0,0,0,0,0,0,0,0,0,0,0,0,0,0,0,0,0,0,0,0,0,0,0,0,0,0,0,0,0,0,0,0,0,0,0,0,0,0,0,0,0,0,0,0,0,0,0,0,0,0,0,0,0,0,0,0,0,0,0,0,0,0,0,0,0,0,0,0,0,0,0,0,0,0,0,0,0,0,0,0,0,0,0,0,0,0,0,0,0,0,0,0,0,0,0,0,0,0,0,0,0,0,0,0,0,0,0,0,0,0,0,0,0,0,0,0,0,0,0,0,0,0,0,0,0,0,0,0,0,0,0,0,0,0,0,0,0,0,0,0,0,0,0,25,0,0,0,0,0,0,0,0,0,0,0,0,0,0,0,0,0,0,0,0,0,0,0,0,0,0,151,222,198,140,70,0,0,0,0,0,0,0,0,0,0,0,0,0,0,0,0,0,0,0,0,0,0,0,253,252,252,252,248,193,69,10,0,0,0,0,0,0,0,0,0,0,0,0,0,0,0,0,0,0,0,0,167,252,252,252,252,252,252,235,121,6,0,0,0,0,0,0,0,0,0,0,0,0,0,0,0,0,0,0,9,66,187,252,252,252,252,252,252,195,188,158,78,4,0,0,0,0,0,0,0,0,0,0,0,0,0,0,0,0,13,90,142,229,252,252,252,252,253,252,252,212,111,72,0,0,0,0,0,0,0,0,0,0,0,0,0,0,0,0,0,39,211,226,253,253,255,253,253,253,253,253,200,125,34,5,0,0,0,0,0,0,0,0,0,0,0,0,0,0,0,14,77,201,253,252,252,252,252,252,252,252,252,110,0,0,0,0,0,0,0,0,0,0,0,0,0,0,0,0,0,19,44,121,192,252,252,252,252,252,252,233,0,0,0,0,0,0,0,0,0,0,0,0,0,0,0,0,0,0,0,0,4,116,192,238,252,252,252,243,0,0,0,0,0,0,0,0,0,0,0,0,0,0,0,0,0,0,0,0,0,0,0,31,140,197,116,50,0,0,0,0,0,0,0,0,0,0,0,0,0,0,0,0,0,0,0,0,0,0,0,0,0,0,0,0,0,0,0,0,0,0,0,0,0,0,0,0,0,0,0,0,0,0,0,0,0,0,0,0,0,0,0,0,0,0,0,0,0,0,0,0,0,0,0,0,0,0,0,0,0,0,0,0,0,0,0,0,0,0,0,0,0,0,0,0,0,0,0,0,0,0,0,0,0,0,0,0,0,0,0,0,0,0,0,0,0,0,0,0,0,0,0,0,0,0,0,0,0,0,0,0,0,0,0,0,0,0,0,0,0,0,0,0,0,0,0,0,0,0,0,0,0,0,0,0,0,0,0,0,0,0,0,0,0,0,0,0,0,0,0,0,0,0,0,0,0,0,0,0,0,0,0,0,0,0,0,0,0,0,0,0,0,0,0,0,0,0,0,0,0,0,0,0,0,0,0,0,0,0,0,0,0,0,0,0,0,0,0,0,0,0,0,0,0,0,0,0,0,0,0,0,0,0,0,0
2,0,0,0,0,0,0,0,0,0,0,0,0,0,0,0,0,0,0,0,0,0,0,0,0,0,0,0,0,0,0,0,0,0,0,0,0,0,0,0,0,0,0,0,0,0,0,0,0,0,0,0,0,0,0,0,0,0,0,0,0,0,0,0,0,0,0,0,0,0,0,0,0,0,0,0,0,0,0,0,0,0,0,0,0,0,0,0,0,0,0,0,0,0,0,0,0,0,0,0,0,0,0,0,0,0,0,0,0,0,0,0,0,0,0,0,0,0,0,0,0,0,0,0,0,0,0,0,0,0,0,0,0,0,0,0,0,0,0,0,0,0,0,0,0,0,0,0,0,0,0,0,0,0,0,0,0,0,0,0,0,0,0,0,0,0,0,0,0,0,0,0,0,0,0,0,0,0,0,0,0,0,0,0,0,0,0,0,0,0,0,0,0,0,0,0,0,0,0,0,0,0,0,0,0,0,0,0,0,0,0,0,0,0,28,63,37,4,0,0,0,0,0,0,0,0,0,0,0,0,0,0,0,0,0,0,0,0,0,0,20,187,243,254,254,192,22,0,0,0,0,0,0,0,0,76,222,95,0,0,0,0,0,0,0,0,0,0,159,223,103,32,50,241,137,0,0,0,0,0,0,0,0,174,83,11,0,0,0,0,0,0,0,0,0,72,242,35,0,0,0,230,173,0,0,0,0,0,0,0,0,226,68,0,0,0,0,0,0,0,0,0,0,79,246,0,0,0,56,253,94,0,0,0,0,0,0,0,0,255,74,0,0,0,0,0,0,0,0,0,0,102,246,5,0,0,93,254,12,0,0,0,0,0,0,0,0,185,186,7,0,0,0,0,0,0,0,0,0,20,242,116,0,78,245,167,3,0,0,0,0,0,0,0,0,53,243,114,7,0,0,0,0,0,0,0,0,0,119,243,81,244,214,29,0,0,0,0,0,0,0,0,0,0,122,242,114,24,0,0,0,0,0,0,0,0,59,254,254,214,30,0,0,0,0,0,0,0,0,0,0,0,0,97,222,219,71,44,0,0,11,65,65,165,253,207,218,226,42,0,0,0,0,0,0,0,0,0,0,0,0,0,24,167,223,249,182,218,241,254,254,181,95,5,18,200,227,40,0,0,0,0,0,0,0,0,0,0,0,0,0,0,2,84,165,165,165,97,38,1,0,0,0,16,202,134,1,0,0,0,0,0,0,0,0,0,0,0,0,0,0,0,0,0,0,0,0,0,0,0,0,0,58,244,102,0,0,0,0,0,0,0,0,0,0,0,0,0,0,0,0,0,0,0,0,0,0,0,0,0,0,184,209,0,0,0,0,0,0,0,0,0,0,0,0,0,0,0,0,0,0,0,0,0,0,0,0,0,0,69,240,0,0,0,0,0,0,0,0,0,0,0,0,0,0,0,0,0,0,0,0,0,0,0,0,0,0,32,54,0,0,0,0,0,0,0,0,0,0,0,0,0,0,0,0,0,0,0,0,0,0,0,0,0,0,0,0,0,0,0,0,0,0,0,0,0,0,0,0,0,0,0,0,0,0,0,0,0,0,0,0,0,0,0,0,0,0,0,0,0,0,0,0,0,0,0,0,0,0,0,0,0,0,0,0,0,0,0,0,0,0,0,0,0,0,0,0,0,0,0,0,0,0,0,0,0,0,0,0,0,0,0,0,0,0,0,0,0,0,0,0,0,0,0,0,0,0,0,0,0,0,0,0,0,0,0,0,0,0,0,0,0,0,0,0,0,0,0,0,0,0,0,0,0,0
4,0,0,0,0,0,0,0,0,0,0,0,0,0,0,0,0,0,0,0,0,0,0,0,0,0,0,0,0,0,0,0,0,0,0,0,0,0,0,0,0,0,0,0,0,0,0,0,0,0,0,0,0,0,0,0,0,0,0,0,0,0,0,0,0,0,0,0,0,0,0,0,0,0,0,0,0,0,0,0,0,0,0,0,0,0,0,0,0,0,0,0,0,0,0,0,0,0,0,0,0,0,0,0,0,0,0,0,0,0,0,0,0,0,0,0,0,0,0,0,0,0,0,0,0,0,0,0,0,0,0,0,0,0,0,0,0,0,0,0,0,0,0,0,0,0,0,0,0,0,0,0,0,0,0,0,0,0,0,0,0,0,0,0,0,0,0,0,0,0,0,0,0,0,0,0,0,0,0,0,11,37,141,106,37,35,0,0,0,0,0,0,0,0,0,0,0,0,0,0,0,0,0,0,0,0,0,64,194,253,253,253,253,248,52,0,0,0,0,0,0,0,0,0,0,0,0,0,0,0,0,0,0,56,182,233,253,253,253,253,253,242,0,0,0,0,0,0,0,0,0,0,0,0,0,0,0,0,0,4,85,231,253,253,253,253,253,253,253,149,0,0,0,0,0,0,0,0,0,0,0,0,0,0,0,0,0,111,253,253,253,253,253,253,253,253,253,220,0,0,0,0,0,0,0,0,0,0,0,0,0,0,0,0,0,133,253,253,253,253,253,253,253,253,253,242,0,0,0,0,0,0,0,0,0,0,0,0,0,0,0,0,0,82,253,238,144,58,24,101,253,253,253,242,0,0,0,0,0,0,0,0,0,0,0,0,0,0,0,0,0,1,11,10,0,0,0,85,253,253,253,242,0,0,0,0,0,99,122,12,0,0,0,0,0,0,0,0,0,0,0,0,0,0,4,209,254,254,254,244,6,0,9,42,226,254,254,254,254,0,0,0,0,0,0,0,0,0,0,0,0,0,85,253,253,253,253,254,191,145,218,253,253,253,253,253,253,0,0,0,0,0,0,0,0,0,4,37,37,37,202,253,253,253,253,254,253,253,253,253,253,253,253,253,160,0,0,0,0,0,0,0,0,3,127,253,253,253,253,253,253,253,253,255,253,253,253,253,253,253,253,253,11,0,0,0,0,0,0,0,0,100,253,253,253,253,253,253,253,253,253,254,253,253,253,253,253,253,230,83,4,0,0,0,0,0,0,0,0,168,253,253,253,253,253,253,253,187,180,175,60,77,180,151,60,60,37,0,0,0,0,0,0,0,0,0,0,214,253,253,253,253,253,184,65,5,0,0,0,0,0,0,0,0,0,0,0,0,0,0,0,0,0,0,0,19,36,111,133,36,36,7,0,0,0,0,0,0,0,0,0,0,0,0,0,0,0,0,0,0,0,0,0,0,0,0,0,0,0,0,0,0,0,0,0,0,0,0,0,0,0,0,0,0,0,0,0,0,0,0,0,0,0,0,0,0,0,0,0,0,0,0,0,0,0,0,0,0,0,0,0,0,0,0,0,0,0,0,0,0,0,0,0,0,0,0,0,0,0,0,0,0,0,0,0,0,0,0,0,0,0,0,0,0,0,0,0,0,0,0,0,0,0,0,0,0,0,0,0,0,0,0,0,0,0,0,0,0,0,0,0,0,0,0,0,0,0,0,0,0,0,0,0,0,0,0,0,0,0,0,0,0,0,0,0,0,0,0,0,0,0,0,0,0,0,0,0,0,0,0,0,0,0,0,0,0,0,0,0,0,0,0,0,0,0
3,0,0,0,0,0,0,0,0,0,0,0,0,0,0,0,0,0,0,0,0,0,0,0,0,0,0,0,0,0,0,0,0,0,0,0,0,0,0,0,0,0,0,0,0,0,0,0,0,0,0,0,0,0,0,0,0,0,0,0,0,0,0,0,0,0,0,0,0,0,0,0,0,0,0,0,0,0,0,0,0,0,0,0,0,0,0,0,0,0,0,0,0,0,0,0,0,0,0,0,0,0,0,0,0,0,0,0,0,0,0,0,0,0,0,0,0,0,0,25,202,254,91,0,0,0,0,0,0,0,0,0,0,0,0,0,0,0,0,0,0,0,0,0,0,0,0,60,253,253,178,0,0,0,0,0,0,0,0,0,0,0,0,0,0,0,0,0,0,0,0,0,0,0,0,60,253,253,178,0,0,0,0,0,0,0,0,0,0,0,0,0,0,0,0,0,0,0,0,0,0,0,0,131,253,253,178,0,0,0,93,120,121,21,0,0,0,0,0,0,0,0,0,0,0,0,0,0,0,0,0,209,253,253,178,0,0,27,212,253,254,44,0,0,67,75,36,0,0,0,0,0,0,0,0,0,0,0,0,209,253,253,178,0,0,90,253,253,254,44,0,72,241,253,214,10,0,0,0,0,0,0,0,0,0,0,0,209,253,253,99,0,0,90,253,253,254,44,0,0,145,253,253,94,0,0,0,0,0,0,0,0,0,0,0,209,253,253,29,0,0,232,253,253,155,3,0,0,4,183,253,163,0,0,0,0,0,0,0,0,0,0,0,209,253,253,29,0,24,242,253,253,124,0,0,0,0,179,253,179,11,0,0,0,0,0,0,0,0,0,0,209,253,253,29,0,134,253,253,253,0,0,0,0,0,179,253,200,24,0,0,0,0,0,0,0,0,0,0,211,254,254,91,93,254,254,254,254,0,0,0,0,0,119,254,255,59,0,0,0,0,0,0,0,0,0,0,174,253,253,240,240,253,253,253,253,0,0,0,0,0,66,253,253,95,0,0,0,0,0,0,0,0,0,0,60,253,253,253,253,253,253,253,253,0,0,0,0,0,179,253,253,111,0,0,0,0,0,0,0,0,0,0,32,211,253,253,253,253,253,253,253,72,0,0,0,0,179,253,253,59,0,0,0,0,0,0,0,0,0,0,0,28,178,178,160,29,109,253,253,149,0,0,0,0,179,253,226,42,0,0,0,0,0,0,0,0,0,0,0,0,0,0,0,0,80,246,253,224,49,0,0,72,232,253,163,0,0,0,0,0,0,0,0,0,0,0,0,0,0,0,0,0,0,116,253,254,225,48,64,240,253,253,163,0,0,0,0,0,0,0,0,0,0,0,0,0,0,0,0,0,0,46,253,255,253,244,246,253,242,163,17,0,0,0,0,0,0,0,0,0,0,0,0,0,0,0,0,0,0,11,147,254,253,253,253,253,196,0,0,0,0,0,0,0,0,0,0,0,0,0,0,0,0,0,0,0,0,0,0,105,139,253,182,104,31,0,0,0,0,0,0,0,0,0,0,0,0,0,0,0,0,0,0,0,0,0,0,0,0,0,0,0,0,0,0,0,0,0,0,0,0,0,0,0,0,0,0,0,0,0,0,0,0,0,0,0,0,0,0,0,0,0,0,0,0,0,0,0,0,0,0,0,0,0,0,0,0,0,0,0,0,0,0,0,0,0,0,0,0,0,0,0,0,0,0,0,0,0,0,0,0,0,0,0,0,0,0,0,0,0,0,0,0,0,0,0,0,0,0,0,0,0,0,0
5,0,0,0,0,0,0,0,0,0,0,0,0,0,0,0,0,0,0,0,0,0,0,0,0,0,0,0,0,0,0,0,0,0,0,0,0,0,0,0,0,0,0,0,0,0,0,0,0,0,0,0,0,0,0,0,0,0,0,0,0,0,0,0,0,0,0,0,0,0,0,0,0,0,0,0,0,0,0,0,0,0,0,0,0,0,0,0,0,0,0,0,0,0,0,0,0,0,0,0,0,0,0,0,0,0,0,0,0,0,0,0,0,0,0,0,0,0,0,0,0,0,0,0,0,0,0,0,0,0,0,0,0,0,0,0,0,0,0,0,0,0,0,0,0,0,0,0,0,0,0,0,0,0,0,0,0,0,0,0,0,0,0,0,0,0,0,0,0,0,0,0,0,0,0,0,0,0,0,0,0,0,0,0,0,0,0,0,0,0,0,28,242,0,0,0,0,0,0,0,0,0,0,0,0,0,0,0,0,0,0,34,117,198,18,0,0,0,0,27,249,46,0,0,0,0,0,0,0,0,0,0,0,0,0,0,0,57,222,242,254,254,151,0,0,0,0,27,250,49,0,0,0,0,0,0,0,0,0,0,0,0,0,18,187,240,254,248,248,254,85,0,0,0,0,103,253,65,0,0,0,0,0,0,0,0,0,0,0,0,18,199,254,254,161,76,241,201,15,0,0,0,0,117,247,34,0,0,0,0,0,0,0,0,0,0,0,30,217,254,254,163,5,34,243,144,0,0,0,0,0,151,245,20,0,0,0,0,0,0,0,0,0,0,0,187,254,254,196,2,0,107,254,58,0,0,0,0,14,222,241,0,0,0,0,0,0,0,0,0,0,0,49,254,254,249,31,0,0,134,235,22,0,0,0,0,98,254,184,0,0,0,0,0,0,0,0,0,0,0,21,232,254,162,0,0,0,218,223,0,0,0,0,0,182,254,100,0,0,0,0,0,0,0,0,0,0,0,0,215,251,66,0,0,0,177,240,31,0,0,0,64,250,240,30,0,0,0,0,0,0,0,0,0,0,0,24,234,221,0,0,0,0,93,254,142,0,0,33,228,254,142,0,0,0,0,0,0,0,0,0,0,0,0,119,254,105,0,0,0,0,26,236,250,132,108,209,254,231,28,0,0,0,0,0,0,0,0,0,0,0,2,204,241,34,0,0,0,0,0,102,233,254,254,254,233,79,0,0,0,0,0,0,0,0,0,0,0,0,63,254,159,0,0,0,0,0,0,0,104,175,254,176,45,0,0,0,0,0,0,0,0,0,0,0,0,0,119,255,74,0,0,0,0,0,0,0,0,1,9,1,0,0,0,0,0,0,0,0,0,0,0,0,0,0,171,227,18,0,0,0,0,0,0,0,0,0,0,0,0,0,0,0,0,0,0,0,0,0,0,0,0,0,242,128,0,0,0,0,0,0,0,0,0,0,0,0,0,0,0,0,0,0,0,0,0,0,0,0,0,9,243,107,0,0,0,0,0,0,0,0,0,0,0,0,0,0,0,0,0,0,0,0,0,0,0,0,0,77,202,7,0,0,0,0,0,0,0,0,0,0,0,0,0,0,0,0,0,0,0,0,0,0,0,0,0,50,98,0,0,0,0,0,0,0,0,0,0,0,0,0,0,0,0,0,0,0,0,0,0,0,0,0,0,0,0,0,0,0,0,0,0,0,0,0,0,0,0,0,0,0,0,0,0,0,0,0,0,0,0,0,0,0,0,0,0,0,0,0,0,0,0,0,0,0,0,0,0,0,0,0,0,0,0,0
5,0,0,0,0,0,0,0,0,0,0,0,0,0,0,0,0,0,0,0,0,0,0,0,0,0,0,0,0,0,0,0,0,0,0,0,0,0,0,0,0,0,0,0,0,0,0,0,0,0,0,0,0,0,0,0,0,0,0,0,0,0,0,0,0,0,0,0,0,0,0,0,0,0,0,0,0,0,0,0,0,0,0,0,0,0,0,0,0,0,0,0,0,0,0,0,0,0,0,0,0,0,0,0,0,0,0,0,0,0,0,0,0,0,0,0,0,0,0,0,0,0,0,0,0,0,0,0,0,0,0,0,0,0,0,0,0,0,0,0,0,0,0,0,0,0,0,0,0,0,0,0,0,0,0,0,0,0,0,0,0,0,0,0,0,0,0,0,0,0,0,0,0,0,0,0,0,0,0,0,0,0,0,0,0,0,0,0,0,0,0,0,0,0,0,0,0,0,0,0,0,0,0,0,0,11,53,68,146,107,70,22,0,0,0,0,0,0,0,0,0,0,0,0,0,0,0,0,0,0,0,52,221,248,252,253,254,254,254,204,0,0,0,0,0,1,14,0,0,0,0,0,0,0,0,0,0,0,0,146,207,62,62,62,62,62,154,220,0,0,0,0,0,31,236,114,4,0,0,0,0,0,0,0,0,0,0,146,161,0,0,0,0,14,225,154,0,0,0,0,0,0,78,254,130,0,0,0,0,0,0,0,0,0,0,149,184,0,0,0,0,83,251,33,0,0,0,0,0,0,2,90,226,0,0,0,0,0,0,0,0,0,0,177,106,0,0,0,4,214,167,0,0,0,0,0,0,0,0,32,244,0,0,0,0,0,0,0,0,0,81,224,43,0,0,0,31,254,84,0,0,0,0,0,0,0,0,12,236,0,0,0,0,0,0,0,0,38,233,115,0,0,0,0,13,226,70,0,0,0,0,0,0,0,0,55,254,0,0,0,0,0,0,0,0,154,177,0,0,0,0,0,32,254,23,0,0,0,0,0,0,0,0,85,247,0,0,0,0,0,0,0,0,215,70,0,0,0,0,0,55,254,23,0,0,0,0,0,0,0,0,168,176,0,0,0,0,0,0,0,0,241,23,0,0,0,0,0,31,254,91,0,0,0,0,0,0,0,18,234,109,0,0,0,0,0,0,0,0,77,0,0,0,0,0,0,1,181,179,0,0,0,0,0,0,1,161,234,40,0,0,0,0,0,0,0,0,0,0,0,0,0,0,0,0,65,250,110,9,0,0,0,0,18,233,129,0,0,0,0,0,0,0,0,0,0,0,0,0,0,0,0,0,0,105,255,210,95,62,74,181,229,185,7,0,0,0,0,0,0,0,0,0,0,0,0,0,0,0,0,0,0,0,53,230,250,254,248,246,192,9,0,0,0,0,0,0,0,0,0,0,0,0,0,0,0,0,0,0,0,0,0,0,40,69,17,0,0,0,0,0,0,0,0,0,0,0,0,0,0,0,0,0,0,0,0,0,0,0,0,0,0,0,0,0,0,0,0,0,0,0,0,0,0,0,0,0,0,0,0,0,0,0,0,0,0,0,0,0,0,0,0,0,0,0,0,0,0,0,0,0,0,0,0,0,0,0,0,0,0,0,0,0,0,0,0,0,0,0,0,0,0,0,0,0,0,0,0,0,0,0,0,0,0,0,0,0,0,0,0,0,0,0,0,0,0,0,0,0,0,0,0,0,0,0,0,0,0,0,0,0,0,0,0,0,0,0,0,0,0,0,0,0,0,0,0,0,0,0,0,0,0,0,0,0
6,0,0,0,0,0,0,0,0,0,0,0,0,0,0,0,0,0,0,0,0,0,0,0,0,0,0,0,0,0,0,0,0,0,0,0,0,0,0,0,0,0,0,0,0,0,0,0,0,0,0,0,0,0,0,0,0,0,0,0,0,0,0,0,0,0,0,0,0,0,0,0,0,0,0,0,0,0,0,0,0,0,0,0,0,0,0,0,0,0,0,0,0,0,0,0,0,0,0,0,0,0,0,0,0,0,0,0,0,0,0,0,0,0,0,0,0,0,0,0,0,0,0,0,0,0,0,0,0,0,0,0,0,0,0,0,0,0,0,0,0,0,0,0,0,0,0,0,0,0,0,0,0,0,0,0,0,0,0,0,0,0,0,0,0,0,0,0,0,0,0,0,0,0,0,0,20,209,254,255,254,254,254,254,254,254,103,4,0,0,0,0,0,0,0,0,0,0,0,0,0,0,17,136,208,253,253,253,253,253,253,253,253,253,253,207,25,1,0,0,0,0,0,0,0,0,0,0,0,17,205,253,253,253,241,235,235,235,140,208,235,241,253,253,253,88,0,0,0,0,0,0,0,0,0,0,16,205,253,253,238,149,36,0,0,0,0,0,0,36,232,253,253,207,80,0,0,0,0,0,0,0,0,0,206,253,251,149,39,0,0,0,0,0,0,0,0,0,85,208,250,253,135,0,0,0,0,0,0,0,0,0,217,216,139,0,0,0,0,0,0,0,0,0,0,0,0,0,150,253,210,4,0,0,0,0,0,0,0,0,0,0,0,0,0,0,0,0,0,0,0,0,0,0,0,0,36,242,253,27,0,0,0,0,0,0,0,0,0,0,0,0,0,0,0,0,0,13,144,174,174,174,25,0,0,211,253,129,0,0,0,0,0,0,0,0,0,0,0,0,0,0,0,0,68,198,253,253,253,253,125,0,0,112,253,129,0,0,0,0,0,0,0,0,0,0,0,0,0,0,0,0,180,253,253,253,253,253,229,114,0,112,253,129,0,0,0,0,0,0,0,0,0,0,0,0,0,0,0,38,236,253,168,61,61,164,244,229,52,112,253,129,0,0,0,0,0,0,0,0,0,0,0,0,0,0,0,50,253,204,14,0,0,0,181,253,148,112,253,129,0,0,0,0,0,0,0,0,0,0,0,0,0,0,0,50,253,191,0,0,0,0,64,244,181,118,253,129,0,0,0,0,0,0,0,0,0,0,0,0,0,0,0,50,253,148,0,0,0,0,0,87,245,172,213,25,0,0,0,0,0,0,0,0,0,0,0,0,0,0,0,50,253,128,0,0,0,0,0,0,184,253,135,0,0,0,0,0,0,0,0,0,0,0,0,0,0,0,0,50,253,176,0,0,0,0,0,0,106,253,87,0,0,0,0,0,0,0,0,0,0,0,0,0,0,0,0,5,187,247,108,0,0,0,0,42,228,207,7,0,0,0,0,0,0,0,0,0,0,0,0,0,0,0,0,0,126,253,215,112,112,112,157,243,253,26,0,0,0,0,0,0,0,0,0,0,0,0,0,0,0,0,0,0,30,222,253,253,253,253,253,253,95,1,0,0,0,0,0,0,0,0,0,0,0,0,0,0,0,0,0,0,0,126,253,253,214,87,112,81,1,0,0,0,0,0,0,0,0,0,0,0,0,0,0,0,0,0,0,0,0,0,0,0,0,0,0,0,0,0,0,0,0,0,0,0,0,0,0,0,0,0,0,0,0,0,0,0,0,0,0,0,0,0,0,0,0,0,0,0,0,0,0,0,0
0,0,0,0,0,0,0,0,0,0,0,0,0,0,0,0,0,0,0,0,0,0,0,0,0,0,0,0,0,0,0,0,0,0,0,0,0,0,0,0,0,0,0,0,0,0,0,0,0,0,0,0,0,0,0,0,0,0,0,0,0,0,0,0,0,0,0,0,0,0,0,0,0,0,0,0,0,0,0,0,0,0,0,0,0,0,0,0,0,0,0,0,0,0,0,0,0,0,0,0,0,0,0,0,0,0,0,0,0,0,0,0,0,0,0,0,0,0,0,0,0,0,0,0,0,0,0,0,0,0,0,0,0,0,0,0,0,0,0,0,0,0,0,0,0,0,0,0,0,0,0,0,0,0,0,0,0,0,0,0,0,0,0,0,0,0,0,0,0,0,0,0,0,0,0,0,0,0,0,0,0,0,0,0,0,0,0,0,0,0,0,0,0,0,0,0,0,0,0,0,0,0,0,0,0,0,0,0,0,0,0,0,0,0,0,0,0,0,0,0,0,0,0,0,0,0,0,0,0,0,0,0,0,0,0,0,0,0,0,0,0,0,0,0,0,0,0,0,0,0,0,0,0,0,0,0,0,0,0,0,0,0,0,0,0,26,41,141,229,253,254,253,253,253,179,22,0,0,0,0,0,0,0,0,0,0,0,0,0,51,170,169,169,243,253,252,252,252,253,252,252,252,253,234,131,7,0,0,0,0,0,0,0,0,10,85,123,246,253,252,252,252,253,252,224,168,168,93,56,156,178,252,252,65,0,0,0,0,0,0,0,0,29,252,252,252,253,252,252,252,253,252,168,0,0,0,0,0,16,215,252,240,0,0,0,0,0,0,0,0,4,179,253,253,255,247,100,0,0,0,0,0,0,0,0,0,0,169,253,253,0,0,0,0,0,0,0,0,104,252,252,102,84,65,0,0,0,0,0,0,0,0,0,0,19,225,252,177,0,0,0,0,0,0,0,0,229,252,148,6,0,0,0,0,0,0,0,0,0,0,0,0,66,252,252,103,0,0,0,0,0,0,0,0,253,252,56,0,0,0,0,0,0,0,0,0,0,0,0,0,191,252,214,15,0,0,0,0,0,0,0,0,129,253,253,153,13,0,0,0,0,0,0,0,0,0,10,179,254,209,25,0,0,0,0,0,0,0,0,0,10,122,252,252,207,169,82,57,57,57,57,57,120,169,197,252,209,28,0,0,0,0,0,0,0,0,0,0,0,13,143,168,253,252,252,252,253,252,252,252,253,252,252,177,25,0,0,0,0,0,0,0,0,0,0,0,0,0,0,0,91,215,252,252,253,252,252,252,190,65,28,3,0,0,0,0,0,0,0,0,0,0,0,0,0,0,0,0,0,0,0,0,0,0,0,0,0,0,0,0,0,0,0,0,0,0,0,0,0,0,0,0,0,0,0,0,0,0,0,0,0,0,0,0,0,0,0,0,0,0,0,0,0,0,0,0,0,0,0,0,0,0,0,0,0,0,0,0,0,0,0,0,0,0,0,0,0,0,0,0,0,0,0,0,0,0,0,0,0,0,0,0,0,0,0,0,0,0,0,0,0,0,0,0,0,0,0,0,0,0,0,0,0,0,0,0,0,0,0,0,0,0,0,0,0,0,0,0,0,0,0,0,0,0,0,0,0,0,0,0,0,0,0,0,0,0,0,0,0,0,0,0,0,0,0,0,0,0,0,0,0,0,0,0,0,0,0,0,0,0,0,0,0,0,0,0,0,0,0,0,0,0,0,0,0,0,0,0,0,0,0,0,0,0,0
