2,0,0,0,0,0,0,0,0,0,0,0,0,0,0,0,0,0,0,0,0,0,0,0,0,0,0,0,0,0,0,0,0,0,0,0,0,0,0,0,0,0,0,0,0,0,0,0,0,0,0,0,0,0,0,0,0,0,0,0,0,0,0,0,0,0,0,0,0,0,0,0,0,0,0,0,0,0,0,0,0,0,0,0,0,0,0,0,0,0,0,0,0,0,0,0,0,0,0,0,0,0,0,0,0,0,0,0,0,0,0,0,0,0,0,0,0,0,0,0,0,0,0,0,0,0,0,0,0,0,0,0,0,0,0,0,0,0,0,0,0,0,0,0,0,0,0,0,0,0,0,0,0,0,0,0,0,0,0,0,0,0,0,0,0,0,0,0,0,0,0,0,0,0,0,0,0,0,0,0,0,0,0,0,0,0,0,0,0,0,0,0,0,0,0,0,0,0,0,0,0,0,0,52,77,0,0,0,0,0,0,0,0,0,0,0,0,0,0,0,0,0,0,0,0,0,0,0,0,0,169,250,251,31,0,0,0,0,0,0,0,19,134,248,248,248,174,0,0,0,0,0,0,0,0,0,0,169,253,253,210,18,0,0,0,0,0,0,78,200,253,253,253,253,253,118,0,0,0,0,0,0,0,0,116,253,253,210,25,0,0,0,0,0,25,198,248,253,253,253,253,253,253,123,0,0,0,0,0,0,0,0,125,253,253,32,0,0,0,0,0,176,234,253,253,253,173,25,43,253,253,123,0,0,0,0,0,0,0,0,171,253,213,12,0,0,0,76,128,246,253,253,189,141,12,0,20,253,253,123,0,0,0,0,0,0,0,0,255,253,142,0,0,0,117,247,253,253,233,141,12,0,0,0,20,253,253,166,0,0,0,0,0,0,0,0,255,253,176,6,122,209,247,253,253,159,35,0,0,0,0,0,20,253,253,253,0,0,0,0,0,0,0,0,150,253,253,206,248,253,253,231,144,12,0,0,0,0,0,0,20,253,253,253,0,0,0,0,0,0,0,0,93,218,253,253,253,253,198,63,0,0,0,0,0,0,0,0,5,168,253,253,0,0,0,0,0,0,0,0,0,30,122,140,65,65,10,0,0,0,0,0,0,0,0,0,0,143,253,155,0,0,0,0,0,0,0,0,0,0,0,0,0,0,0,0,0,0,0,0,0,0,0,0,5,166,253,123,0,0,0,0,0,0,0,0,0,0,0,0,0,0,0,0,0,0,0,0,0,0,0,0,20,253,253,123,0,0,0,0,0,0,0,0,0,0,0,0,0,0,0,0,0,0,0,0,0,0,0,0,20,253,249,41,0,0,0,0,0,0,0,0,0,0,0,0,0,0,0,0,0,0,0,0,0,0,0,0,37,253,247,0,0,0,0,0,0,0,0,0,0,0,0,0,0,0,0,0,0,0,0,0,0,0,0,0,150,253,247,0,0,0,0,0,0,0,0,0,0,0,0,0,0,0,0,0,0,0,0,0,0,0,0,0,150,253,169,0,0,0,0,0,0,0,0,0,0,0,0,0,0,0,0,0,0,0,0,0,0,0,0,0,150,253,117,0,0,0,0,0,0,0,0,0,0,0,0,0,0,0,0,0,0,0,0,0,0,0,0,0,147,253,117,0,0,0,0,0,0,0,0,0,0,0,0,0,0,0,0,0,0,0,0,0,0,0,0,0,10,123,57,0,0,0,0,0,0,0,0,0,0,0,0,0,0,0,0,0,0,0,0,0,0,0,0,0,0,0,0,0,0,0,0,0,0
0,0,0,0,0,0,0,0,0,0,0,0,0,0,0,0,0,0,0,0,0,0,0,0,0,0,0,0,0,0,0,0,0,0,0,0,0,0,0,0,0,0,0,0,0,0,0,0,0,0,0,0,0,0,0,0,0,0,0,0,0,0,0,0,0,0,0,0,0,0,0,0,0,0,0,0,0,0,0,0,0,0,0,0,0,0,0,0,0,0,0,0,0,0,0,0,0,0,0,0,0,0,0,0,0,0,0,0,0,0,0,0,0,0,0,0,0,0,0,0,0,0,0,0,0,0,0,0,0,0,0,0,0,0,0,0,0,0,0,0,0,0,0,0,0,0,0,0,0,0,0,0,0,0,0,0,0,0,0,0,0,0,0,0,0,0,0,0,0,0,0,0,0,0,0,0,0,0,0,0,0,0,0,0,0,0,0,0,0,0,0,0,0,0,0,0,0,0,0,0,0,0,0,0,0,0,0,0,32,37,37,37,140,217,217,217,218,113,31,0,0,0,0,0,0,0,0,0,0,0,0,0,0,0,0,63,231,251,251,253,251,251,251,251,253,251,230,62,0,0,0,0,0,0,0,0,0,0,0,0,0,0,182,221,251,251,251,253,251,251,251,251,253,251,251,142,0,0,0,0,0,0,0,0,0,0,0,0,110,253,255,253,253,253,201,0,0,0,0,0,73,253,253,253,72,0,0,0,0,0,0,0,0,0,0,21,190,251,253,251,251,188,30,0,0,0,0,0,73,251,251,251,174,0,0,0,0,0,0,0,0,11,37,197,251,251,253,251,220,20,0,0,0,0,0,0,228,251,251,251,251,0,0,0,0,0,0,0,0,150,251,251,251,251,253,251,137,0,0,0,0,0,0,0,253,251,251,251,173,0,0,0,0,0,0,0,0,253,251,251,251,251,253,147,10,0,0,0,0,0,0,0,253,251,251,251,71,0,0,0,0,0,0,0,0,202,253,253,253,253,234,77,0,0,0,0,0,0,0,182,255,253,253,253,72,0,0,0,0,0,0,0,0,31,107,107,169,251,222,62,0,0,0,0,0,21,144,221,253,251,230,107,30,0,0,0,0,0,0,0,0,0,0,0,109,251,253,128,31,0,0,0,0,63,251,251,253,251,189,0,0,0,0,0,0,0,0,0,0,0,0,0,62,220,253,251,230,109,31,32,109,231,251,251,253,251,35,0,0,0,0,0,0,0,0,0,0,0,0,0,0,51,253,251,251,251,200,202,251,251,251,251,253,147,10,0,0,0,0,0,0,0,0,0,0,0,0,0,0,0,0,105,243,253,253,255,253,253,221,180,0,0,0,0,0,0,0,0,0,0,0,0,0,0,0,0,0,0,0,0,113,251,251,253,251,230,61,0,0,0,0,0,0,0,0,0,0,0,0,0,0,0,0,0,0,0,0,0,5,35,35,164,35,30,0,0,0,0,0,0,0,0,0,0,0,0,0,0,0,0,0,0,0,0,0,0,0,0,0,0,0,0,0,0,0,0,0,0,0,0,0,0,0,0,0,0,0,0,0,0,0,0,0,0,0,0,0,0,0,0,0,0,0,0,0,0,0,0,0,0,0,0,0,0,0,0,0,0,0,0,0,0,0,0,0,0,0,0,0,0,0,0,0,0,0,0,0,0,0,0,0,0,0,0,0,0,0,0,0,0,0,0,0,0,0,0,0,0,0,0,0,0,0,0,0,0,0,0,0,0,0,0,0,0,0,0,0,0,0,0,0,0,0,0,0,0,0,0,0,0,0,0,0,0,0
6,0,0,0,0,0,0,0,0,0,0,0,0,0,0,0,0,0,0,0,0,0,0,0,0,0,0,0,0,0,0,0,0,0,0,0,0,0,0,0,0,0,0,0,0,0,0,0,0,0,0,0,0,0,0,0,0,0,0,0,0,0,0,0,0,0,0,0,0,0,0,0,0,0,0,0,0,0,0,0,0,0,0,0,0,0,0,0,0,0,0,0,0,0,0,0,0,0,0,0,0,0,0,0,0,0,0,0,0,0,0,0,0,0,0,0,0,0,0,0,0,0,0,0,0,0,0,0,0,0,0,0,0,0,0,0,0,0,0,0,0,0,0,0,0,0,0,0,0,0,0,0,0,0,0,0,0,0,0,0,0,0,0,0,0,0,0,0,0,0,0,0,0,0,0,0,0,0,0,0,0,0,0,0,0,0,0,0,0,0,0,0,0,0,0,0,0,0,0,0,0,0,0,0,0,29,141,170,170,170,170,141,29,0,0,0,0,0,0,0,0,0,0,0,0,0,0,0,0,0,29,114,198,255,255,255,255,255,255,255,255,198,86,0,0,0,0,0,0,0,0,0,0,0,0,0,114,226,255,255,255,226,141,86,86,86,86,114,255,255,255,114,0,0,0,0,0,0,0,0,0,0,0,0,255,255,114,86,29,0,0,0,0,0,0,0,0,114,255,226,29,0,0,0,0,0,0,0,0,0,0,0,57,57,0,0,0,0,0,0,0,0,0,0,0,0,170,255,141,0,0,0,0,0,0,0,0,0,0,0,0,0,0,0,0,0,0,0,0,0,0,0,0,0,57,255,255,0,0,0,0,0,0,0,0,0,0,0,0,0,0,0,0,0,0,0,0,0,0,29,170,170,255,255,255,226,141,0,0,0,0,0,0,0,0,0,0,0,0,0,0,0,0,0,0,57,170,255,255,255,255,255,255,255,255,141,0,0,0,0,0,0,0,0,0,0,0,0,0,0,0,57,170,255,255,198,114,86,29,86,255,255,255,226,0,0,0,0,0,0,0,0,0,0,0,0,0,0,57,226,255,255,86,0,0,0,0,86,255,141,170,170,0,0,0,0,0,0,0,0,0,0,0,0,0,0,86,255,255,86,0,0,0,0,0,170,255,86,170,114,0,0,0,0,0,0,0,0,0,0,0,0,0,0,86,255,114,0,0,0,0,0,86,255,198,0,57,29,0,0,0,0,0,0,0,0,0,0,0,0,0,0,141,255,57,0,0,0,0,86,226,255,29,0,0,0,0,0,0,0,0,0,0,0,0,0,0,0,0,0,57,255,226,170,170,170,198,255,226,57,0,0,0,0,0,0,0,0,0,0,0,0,0,0,0,0,0,0,0,57,198,255,255,255,226,114,29,0,0,0,0,0,0,0,0,0,0,0,0,0,0,0,0,0,0,0,0,0,0,0,86,86,0,0,0,0,0,0,0,0,0,0,0,0,0,0,0,0,0,0,0,0,0,0,0,0,0,0,0,0,0,0,0,0,0,0,0,0,0,0,0,0,0,0,0,0,0,0,0,0,0,0,0,0,0,0,0,0,0,0,0,0,0,0,0,0,0,0,0,0,0,0,0,0,0,0,0,0,0,0,0,0,0,0,0,0,0,0,0,0,0,0,0,0,0,0,0,0,0,0,0,0,0,0,0,0,0,0,0,0,0,0,0,0,0,0,0,0,0,0,0,0,0,0,0,0,0,0,0,0,0,0,0,0,0,0,0,0,0,0,0,0,0,0,0,0,0,0,0,0,0,0,0,0,0
5,0,0,0,0,0,0,0,0,0,0,0,0,0,0,0,0,0,0,0,0,0,0,0,0,0,0,0,0,0,0,0,0,0,0,0,0,0,0,0,0,0,0,0,0,0,0,0,0,0,0,0,0,0,0,0,0,0,0,0,0,0,0,0,0,0,0,0,0,0,0,0,0,0,0,0,0,0,0,0,0,0,0,0,0,0,0,0,0,0,0,0,0,0,0,0,0,0,0,0,0,0,0,0,0,0,0,0,0,0,0,0,0,0,0,0,0,0,0,0,0,0,0,0,0,0,0,0,0,0,0,0,0,0,0,0,0,0,0,0,0,0,0,0,0,0,0,0,0,0,0,0,0,0,0,0,0,0,0,0,0,0,0,0,0,0,0,0,0,0,0,0,0,0,0,0,0,0,0,0,0,0,0,0,0,0,0,0,0,0,0,0,0,0,0,0,0,0,0,0,0,0,0,0,0,0,0,0,0,0,0,0,0,0,0,0,0,0,0,3,138,79,0,0,0,0,0,0,0,0,0,0,0,0,0,0,0,0,0,0,0,0,0,0,0,0,0,118,254,167,0,0,0,0,0,0,0,0,0,0,0,0,0,0,0,0,0,12,70,37,0,0,0,0,13,250,254,197,0,0,0,0,0,0,0,0,0,0,0,0,0,38,142,151,226,240,254,184,0,0,0,0,87,210,254,87,0,0,0,0,0,0,0,0,0,0,138,233,174,245,254,254,242,203,254,169,0,0,0,6,122,248,250,7,0,0,0,0,0,0,0,0,0,0,246,254,254,221,149,112,32,44,254,133,0,0,0,0,147,254,201,0,0,0,0,0,0,0,0,0,0,87,253,169,94,13,0,0,0,44,254,133,0,0,0,10,223,252,72,0,0,0,0,0,0,0,0,0,0,164,254,53,0,0,0,0,0,44,254,162,0,0,0,137,254,199,0,0,0,0,0,0,0,0,0,0,0,237,216,6,0,0,0,0,0,44,254,212,9,0,63,244,247,49,0,0,0,0,0,0,0,0,0,0,69,253,167,0,0,0,0,0,0,8,205,254,51,27,209,254,127,0,0,0,0,0,0,0,0,0,0,0,152,254,54,0,0,0,0,0,0,0,85,254,177,209,254,198,13,0,0,0,0,0,0,0,0,0,0,0,237,218,5,0,0,0,0,0,0,0,8,166,254,254,194,52,0,0,0,0,0,0,0,0,0,0,0,0,254,138,0,0,0,0,0,0,0,0,0,8,125,104,13,0,0,0,0,0,0,0,0,0,0,0,0,0,254,83,0,0,0,0,0,0,0,0,0,0,0,0,0,0,0,0,0,0,0,0,0,0,0,0,0,0,255,39,0,0,0,0,0,0,0,0,0,0,0,0,0,0,0,0,0,0,0,0,0,0,0,0,0,0,254,154,100,35,0,0,0,0,0,0,0,0,0,0,0,0,0,0,0,0,0,0,0,0,0,0,0,0,252,254,191,8,0,0,0,0,0,0,0,0,0,0,0,0,0,0,0,0,0,0,0,0,0,0,0,0,52,135,3,0,0,0,0,0,0,0,0,0,0,0,0,0,0,0,0,0,0,0,0,0,0,0,0,0,0,0,0,0,0,0,0,0,0,0,0,0,0,0,0,0,0,0,0,0,0,0,0,0,0,0,0,0,0,0,0,0,0,0,0,0,0,0,0,0,0,0,0,0,0,0,0,0,0,0,0,0,0,0,0,0,0,0,0,0,0,0,0,0,0,0,0,0,0,0,0,0,0,0,0,0,0,0,0
0,0,0,0,0,0,0,0,0,0,0,0,0,0,0,0,0,0,0,0,0,0,0,0,0,0,0,0,0,0,0,0,0,0,0,0,0,0,0,0,0,0,0,0,0,0,0,0,0,0,0,0,0,0,0,0,0,0,0,0,0,0,0,0,0,0,0,0,0,0,0,0,0,0,0,0,0,0,0,0,0,0,0,0,0,0,0,0,0,0,0,0,0,0,0,0,0,0,0,0,0,0,0,0,0,0,0,0,0,0,0,0,0,0,0,0,0,0,0,0,0,0,0,0,0,0,0,0,0,0,0,0,0,0,0,0,0,0,0,0,0,0,0,0,0,0,0,0,0,0,0,9,80,86,254,254,254,254,255,163,80,44,0,0,0,0,0,0,0,0,0,0,0,0,0,0,0,0,0,136,253,253,253,253,253,253,253,253,253,210,38,0,0,0,0,0,0,0,0,0,0,0,0,0,0,11,147,250,253,253,253,253,253,253,253,253,253,253,228,39,0,0,0,0,0,0,0,0,0,0,0,0,0,141,253,253,253,253,253,253,253,253,253,253,253,253,253,210,43,0,0,0,0,0,0,0,0,0,0,11,141,248,253,253,253,253,253,253,210,209,218,253,253,253,253,253,108,0,0,0,0,0,0,0,0,0,0,62,253,253,253,253,253,253,253,172,4,0,53,253,253,253,253,253,253,0,0,0,0,0,0,0,0,0,0,56,241,253,253,253,253,234,165,18,0,0,53,253,253,253,253,253,253,0,0,0,0,0,0,0,0,0,0,0,83,147,199,253,209,41,0,0,0,0,53,253,253,253,253,253,179,0,0,0,0,0,0,0,0,3,9,9,4,0,34,69,41,0,0,0,0,0,180,253,253,253,253,253,78,0,0,0,0,0,0,0,0,80,253,253,161,73,0,0,0,0,0,0,0,0,228,253,253,253,253,253,78,0,0,0,0,0,0,0,0,195,253,253,253,209,0,0,0,0,0,0,0,99,244,253,253,253,253,189,27,0,0,0,0,0,0,0,0,85,253,253,253,252,160,15,0,0,0,0,0,149,253,253,253,253,248,114,0,0,0,0,0,0,0,0,0,80,253,253,253,253,253,52,0,0,0,0,42,210,253,253,253,253,235,0,0,0,0,0,0,0,0,0,0,80,253,253,253,253,142,5,0,0,0,0,229,253,253,253,253,229,65,0,0,0,0,0,0,0,0,0,0,80,253,253,253,253,194,27,0,0,0,0,246,253,253,253,234,67,0,0,0,0,0,0,0,0,0,0,0,14,152,251,253,253,253,201,36,42,211,211,252,253,253,253,193,0,0,0,0,0,0,0,0,0,0,0,0,0,0,237,253,253,253,253,253,253,253,253,253,253,253,193,24,0,0,0,0,0,0,0,0,0,0,0,0,0,0,57,60,212,244,253,253,253,253,253,253,242,77,29,0,0,0,0,0,0,0,0,0,0,0,0,0,0,0,0,0,0,77,156,196,253,253,253,159,65,0,0,0,0,0,0,0,0,0,0,0,0,0,0,0,0,0,0,0,0,0,0,33,78,78,78,3,0,0,0,0,0,0,0,0,0,0,0,0,0,0,0,0,0,0,0,0,0,0,0,0,0,0,0,0,0,0,0,0,0,0,0,0,0,0,0,0,0,0,0,0,0,0,0,0,0,0,0,0,0,0,0,0,0,0,0,0,0,0,0,0,0,0,0,0,0,0,0,0,0,0,0,0,0,0,0,0,0,0,0,0,0,0,0,0,0,0,0,0,0,0,0,0
3,0,0,0,0,0,0,0,0,0,0,0,0,0,0,0,0,0,0,0,0,0,0,0,0,0,0,0,0,0,0,0,0,0,0,0,0,0,0,0,0,0,0,0,0,0,0,0,0,0,0,0,0,0,0,0,0,0,0,0,0,0,0,0,0,0,0,0,0,0,0,0,0,0,0,0,0,0,0,0,0,0,0,0,0,0,0,0,0,0,0,0,0,0,0,0,0,0,0,0,0,0,0,0,0,0,0,0,0,0,0,0,0,0,0,0,0,0,0,0,0,0,0,0,0,0,0,0,0,0,0,0,0,0,0,0,0,0,0,0,0,0,0,0,0,0,0,0,0,0,0,0,0,0,0,0,0,0,0,0,0,0,0,0,0,0,0,0,0,0,0,0,0,0,0,0,0,0,0,0,0,0,0,0,0,0,0,0,0,0,0,0,0,0,0,0,0,0,0,0,0,0,0,21,183,203,81,0,0,0,0,0,0,0,0,0,0,0,0,0,0,0,0,0,0,0,0,0,0,0,0,113,253,255,151,0,0,0,0,0,0,0,0,0,0,0,0,11,132,153,92,0,0,0,0,0,0,0,0,193,252,233,50,0,0,0,0,0,0,0,0,0,0,0,0,173,252,253,192,0,0,0,0,0,0,0,0,254,253,183,0,0,0,51,10,0,0,0,0,0,0,0,0,173,253,244,122,0,0,0,0,0,0,0,0,253,252,102,0,0,123,253,212,0,0,0,0,0,0,0,0,253,252,203,0,0,0,0,0,0,0,0,0,254,253,203,0,11,213,254,253,123,0,0,0,0,0,0,163,255,253,82,0,0,0,0,0,0,0,0,0,253,252,203,41,213,252,253,252,223,20,0,0,0,0,41,243,253,171,0,0,0,0,0,0,0,0,0,0,254,253,234,193,254,253,254,253,254,50,0,0,0,21,214,253,224,20,0,0,0,0,0,0,0,0,0,0,172,252,253,252,253,252,151,232,253,131,0,0,0,142,253,252,81,0,0,0,0,0,0,0,0,0,0,0,82,243,254,253,203,81,21,223,254,213,21,21,132,253,254,172,0,0,0,0,0,0,0,0,0,0,0,0,0,40,151,111,0,0,0,122,253,252,162,203,253,252,213,10,0,0,0,0,0,0,0,0,0,0,0,0,0,0,0,0,0,0,0,82,254,253,254,253,254,233,0,0,0,0,0,0,0,0,0,0,0,0,0,0,0,0,0,0,0,0,0,0,71,192,253,252,91,30,0,0,0,0,0,0,0,0,0,0,0,0,0,0,0,0,0,0,0,0,0,0,0,0,102,61,0,0,0,0,0,0,0,0,0,0,0,0,0,0,0,0,0,0,0,0,0,0,0,0,0,0,0,0,0,0,0,0,0,0,0,0,0,0,0,0,0,0,0,0,0,0,0,0,0,0,0,0,0,0,0,0,0,0,0,0,0,0,0,0,0,0,0,0,0,0,0,0,0,0,0,0,0,0,0,0,0,0,0,0,0,0,0,0,0,0,0,0,0,0,0,0,0,0,0,0,0,0,0,0,0,0,0,0,0,0,0,0,0,0,0,0,0,0,0,0,0,0,0,0,0,0,0,0,0,0,0,0,0,0,0,0,0,0,0,0,0,0,0,0,0,0,0,0,0,0,0,0,0,0,0,0,0,0,0,0,0,0,0,0,0,0,0,0,0,0,0,0,0,0,0,0,0,0,0,0,0,0,0,0,0,0,0,0,0,0,0,0,0,0,0,0,0,0,0,0,0,0,0,0,0,0
3,0,0,0,0,0,0,0,0,0,0,0,0,0,0,0,0,0,0,0,0,0,0,0,0,0,0,0,0,0,0,0,0,0,0,0,0,0,0,0,0,0,0,0,0,0,0,0,0,0,0,0,0,0,0,0,0,0,0,0,0,0,0,0,0,0,0,0,0,0,0,0,0,0,0,0,0,0,0,0,0,0,0,0,0,0,0,0,0,0,0,0,0,0,0,0,0,0,0,0,0,0,0,0,0,0,0,0,0,0,0,0,0,0,0,0,0,0,0,0,0,0,0,0,0,0,0,0,0,0,0,0,0,0,0,0,0,0,0,0,0,0,0,0,0,0,0,0,0,0,0,0,0,0,0,0,0,0,0,0,0,0,0,0,0,0,0,0,0,0,0,0,0,0,0,0,64,19,0,0,0,0,0,0,0,0,0,0,0,0,0,0,0,0,0,0,0,0,0,0,0,0,0,178,244,165,0,0,0,0,0,0,0,0,0,0,0,0,0,0,0,0,0,0,0,0,0,0,0,0,99,247,253,179,0,0,0,0,31,35,28,0,0,0,0,0,0,0,3,16,0,0,0,0,0,0,0,0,254,253,208,25,0,0,0,6,228,253,205,0,0,0,0,0,0,0,29,116,0,0,0,0,0,0,0,0,254,253,177,0,0,0,0,111,253,253,205,0,0,0,0,0,0,0,158,186,0,0,0,0,0,0,0,0,254,253,177,0,0,0,57,247,253,253,205,0,0,0,0,0,0,41,251,253,0,0,0,0,0,0,0,0,254,253,55,0,0,13,240,253,253,253,82,0,0,0,0,0,0,42,253,253,0,0,0,0,0,0,0,0,217,253,99,69,69,153,253,253,253,253,68,0,0,0,0,0,0,153,253,253,0,0,0,0,0,0,0,0,118,253,253,253,253,253,253,227,253,253,68,0,0,0,0,0,12,193,253,227,0,0,0,0,0,0,0,0,41,140,249,253,249,143,89,41,221,253,188,58,0,0,0,0,63,253,253,116,0,0,0,0,0,0,0,0,0,0,92,109,95,0,0,0,88,252,253,167,3,0,0,0,140,253,253,113,0,0,0,0,0,0,0,0,0,0,0,0,0,0,0,0,0,206,253,253,176,0,0,41,226,253,232,0,0,0,0,0,0,0,0,0,0,0,0,0,0,0,0,0,0,48,226,253,253,173,104,227,253,253,102,0,0,0,0,0,0,0,0,0,0,0,0,0,0,0,0,0,0,0,51,224,253,253,253,253,253,217,13,0,0,0,0,0,0,0,0,0,0,0,0,0,0,0,0,0,0,0,0,36,58,221,253,253,238,86,0,0,0,0,0,0,0,0,0,0,0,0,0,0,0,0,0,0,0,0,0,0,0,37,75,75,57,0,0,0,0,0,0,0,0,0,0,0,0,0,0,0,0,0,0,0,0,0,0,0,0,0,0,0,0,0,0,0,0,0,0,0,0,0,0,0,0,0,0,0,0,0,0,0,0,0,0,0,0,0,0,0,0,0,0,0,0,0,0,0,0,0,0,0,0,0,0,0,0,0,0,0,0,0,0,0,0,0,0,0,0,0,0,0,0,0,0,0,0,0,0,0,0,0,0,0,0,0,0,0,0,0,0,0,0,0,0,0,0,0,0,0,0,0,0,0,0,0,0,0,0,0,0,0,0,0,0,0,0,0,0,0,0,0,0,0,0,0,0,0,0,0,0,0,0,0,0,0,0,0,0,0,0,0,0,0,0,0,0,0,0,0,0,0,0,0,0,0,0,0,0
2,0,0,0,0,0,0,0,0,0,0,0,0,0,0,0,0,0,0,0,0,0,0,0,0,0,0,0,0,0,0,0,0,0,0,0,0,0,0,0,0,0,0,0,0,0,0,0,0,0,0,0,0,0,0,0,0,0,0,0,0,0,0,0,0,0,0,0,0,0,0,0,0,0,0,0,0,0,0,0,0,0,0,0,0,0,0,0,0,0,0,0,0,0,0,0,0,0,0,0,0,0,0,0,0,0,0,0,0,0,0,0,0,0,0,0,0,0,0,0,0,0,0,0,0,0,0,0,0,0,0,0,0,0,7,57,0,0,0,0,0,0,0,0,0,0,0,0,0,0,0,0,0,0,0,0,0,0,0,0,0,80,248,250,121,0,0,0,0,0,0,0,0,0,0,0,0,0,98,112,20,0,0,0,0,0,0,0,12,195,253,253,123,0,0,0,0,0,0,0,0,0,0,0,0,91,251,253,45,0,0,0,0,0,0,0,81,253,253,253,176,0,0,0,0,0,0,0,0,0,0,0,95,238,218,112,5,0,0,0,0,0,0,30,244,253,253,253,135,0,0,0,0,0,0,0,0,0,0,88,225,253,48,0,0,0,0,0,0,0,0,33,253,253,253,247,16,0,0,0,0,0,0,0,0,0,0,241,253,170,5,0,0,0,0,0,0,0,0,33,253,253,253,135,0,0,0,0,0,0,0,0,0,0,204,251,167,28,0,0,0,0,0,0,0,0,0,140,253,253,242,21,0,0,0,0,0,0,0,0,0,36,249,253,113,0,0,0,0,0,0,0,0,0,0,163,253,248,105,0,0,0,0,0,0,0,0,0,0,125,253,225,14,0,0,0,0,0,0,0,0,0,11,186,253,234,0,0,0,0,0,0,0,0,0,0,0,191,253,142,0,0,0,0,0,0,0,0,0,11,156,253,253,166,0,0,0,0,0,0,0,0,0,0,0,218,253,49,0,0,0,0,0,0,0,0,11,156,253,226,253,248,107,0,0,0,0,0,0,0,0,0,0,255,253,12,0,0,0,0,0,0,0,11,156,253,226,38,186,253,242,21,0,0,0,0,0,0,0,0,0,254,253,12,0,0,0,0,0,0,44,189,253,202,71,0,70,253,253,117,0,0,0,0,0,0,0,0,0,254,253,12,0,0,0,0,0,27,157,253,246,68,0,0,23,240,253,183,0,0,0,0,0,0,0,0,0,241,253,105,16,0,0,9,67,234,253,203,77,0,0,0,0,150,253,183,0,0,0,0,0,0,0,0,0,51,250,253,211,150,150,184,253,248,132,27,0,0,0,0,0,73,245,48,0,0,0,0,0,0,0,0,0,0,235,253,253,253,253,242,240,105,0,0,0,0,0,0,22,144,160,0,0,0,0,0,0,0,0,0,0,0,0,111,117,117,117,18,0,0,0,0,0,0,0,0,156,104,0,0,0,0,0,0,0,0,0,0,0,0,0,0,0,0,0,0,0,0,0,0,0,0,0,0,77,51,0,0,0,0,0,0,0,0,0,0,0,0,0,0,0,0,0,0,0,0,0,0,0,0,0,0,0,0,0,0,0,0,0,0,0,0,0,0,0,0,0,0,0,0,0,0,0,0,0,0,0,0,0,0,0,0,0,0,0,0,0,0,0,0,0,0,0,0,0,0,0,0,0,0,0,0,0,0,0,0,0,0,0,0,0,0,0,0,0,0,0,0,0,0,0,0,0,0,0,0,0,0,0,0,0,0,0,0,0,0,0,0,0,0,0,0,0,0,0
7,0,0,0,0,0,0,0,0,0,0,0,0,0,0,0,0,0,0,0,0,0,0,0,0,0,0,0,0,0,0,0,0,0,0,0,0,0,0,0,0,0,0,0,0,0,0,0,0,0,0,0,0,0,0,0,0,0,0,0,0,0,0,0,0,0,0,0,0,0,0,0,0,0,0,0,0,0,0,0,0,0,0,0,0,0,0,0,0,0,0,0,0,0,0,4,132,128,0,0,0,0,0,0,0,0,0,0,0,0,0,0,0,0,0,0,0,0,0,0,0,0,0,174,253,195,0,0,0,0,0,0,0,0,0,0,0,0,0,0,0,0,0,0,0,0,0,0,0,26,166,251,253,90,0,0,0,0,0,0,0,0,0,0,0,0,0,0,0,0,0,0,0,0,0,0,61,207,253,253,177,0,0,0,0,0,0,0,0,0,0,0,0,0,0,0,0,0,0,0,0,0,0,0,156,254,254,244,45,0,0,0,0,0,0,0,0,0,0,0,0,0,0,0,0,0,0,0,0,0,0,0,148,253,253,124,0,0,0,0,0,0,0,0,0,0,0,0,0,0,0,0,0,0,0,0,0,0,0,0,89,253,253,19,0,0,0,0,0,0,0,0,0,0,0,0,0,0,0,0,0,0,0,0,0,0,0,0,81,253,128,2,0,0,0,0,0,0,0,0,0,0,0,0,0,0,0,0,0,0,0,0,0,0,0,0,156,245,48,0,0,0,0,0,0,0,0,0,0,0,0,0,0,0,0,0,0,0,0,0,0,0,0,0,255,234,0,0,0,0,0,0,0,0,0,0,19,201,119,0,0,0,0,0,0,0,0,0,0,0,0,0,254,195,0,0,0,0,0,0,0,0,0,2,167,253,73,80,118,118,118,72,0,0,0,0,0,0,0,0,254,233,0,0,0,0,0,0,0,0,19,92,253,253,193,254,253,253,253,193,0,0,0,0,0,0,0,0,254,233,0,0,0,0,0,0,37,77,239,253,253,253,237,214,168,117,117,34,0,0,0,0,0,0,0,0,216,233,0,0,0,0,8,165,248,253,254,253,253,185,36,0,0,0,0,0,0,0,0,0,0,0,0,0,156,246,48,0,46,179,254,254,254,171,0,215,254,117,0,0,0,0,0,0,0,0,0,0,0,0,0,0,148,253,226,214,244,254,251,165,46,9,0,214,253,34,0,0,0,0,0,0,0,0,0,0,0,0,0,0,41,241,253,253,253,152,72,0,0,0,0,214,253,19,0,0,0,0,0,0,0,0,0,0,0,0,0,0,0,24,87,19,19,0,0,0,0,0,0,181,213,16,0,0,0,0,0,0,0,0,0,0,0,0,0,0,0,0,0,0,0,0,0,0,0,0,0,0,0,0,0,0,0,0,0,0,0,0,0,0,0,0,0,0,0,0,0,0,0,0,0,0,0,0,0,0,0,0,0,0,0,0,0,0,0,0,0,0,0,0,0,0,0,0,0,0,0,0,0,0,0,0,0,0,0,0,0,0,0,0,0,0,0,0,0,0,0,0,0,0,0,0,0,0,0,0,0,0,0,0,0,0,0,0,0,0,0,0,0,0,0,0,0,0,0,0,0,0,0,0,0,0,0,0,0,0,0,0,0,0,0,0,0,0,0,0,0,0,0,0,0,0,0,0,0,0,0,0,0,0,0,0,0,0,0,0,0,0,0,0,0,0,0,0,0,0,0,0,0,0,0,0,0,0,0,0,0,0,0,0,0,0,0,0,0,0,0,0,0,0,0,0,0,0,0
3,0,0,0,0,0,0,0,0,0,0,0,0,0,0,0,0,0,0,0,0,0,0,0,0,0,0,0,0,0,0,0,0,0,0,0,0,0,0,0,0,0,0,0,0,0,0,0,0,0,0,0,0,0,0,0,0,0,0,0,0,0,0,0,0,0,0,0,0,0,0,0,0,0,0,0,0,0,0,0,0,0,0,0,0,0,0,0,0,0,0,0,0,0,0,0,0,0,0,0,0,0,0,0,0,0,0,0,0,0,0,0,0,0,0,0,0,0,0,0,0,0,0,0,0,0,0,0,0,0,0,0,0,0,0,0,0,0,0,0,0,0,0,0,0,0,0,0,0,0,0,0,0,0,0,0,0,0,0,0,0,0,0,0,0,0,0,0,0,0,0,0,0,0,0,0,0,0,0,0,0,0,0,0,0,0,0,0,0,0,0,0,0,0,0,0,0,0,0,0,0,0,0,0,0,0,0,0,0,0,0,0,0,0,0,0,0,0,0,0,0,0,0,0,0,0,0,0,0,0,23,155,140,0,0,0,0,0,0,0,0,0,0,0,0,0,0,0,0,0,0,0,0,0,0,0,0,23,211,241,84,0,0,0,0,0,0,0,0,0,0,0,0,0,0,0,0,0,0,0,0,0,0,0,0,151,253,152,0,0,0,0,0,0,0,0,0,0,0,0,0,0,96,167,107,0,0,0,0,0,0,0,0,255,253,135,0,0,0,0,0,36,50,37,0,0,0,0,0,97,248,253,253,0,0,0,0,0,0,0,0,254,253,248,162,7,56,78,180,232,253,185,0,0,0,0,0,230,253,253,226,0,0,0,0,0,0,0,0,163,253,253,247,194,253,253,253,253,253,235,41,0,0,0,74,247,253,253,38,0,0,0,0,0,0,0,0,32,68,185,192,253,253,208,185,200,253,253,89,0,0,26,202,253,253,130,2,0,0,0,0,0,0,0,0,0,0,0,6,55,55,19,0,56,253,253,201,15,0,129,253,253,129,3,0,0,0,0,0,0,0,0,0,0,0,0,0,0,0,0,0,11,159,253,253,214,205,246,253,168,4,0,0,0,0,0,0,0,0,0,0,0,0,0,0,0,0,0,0,0,41,190,253,253,253,253,219,37,0,0,0,0,0,0,0,0,0,0,0,0,0,0,0,0,0,0,0,0,0,10,206,253,253,219,37,0,0,0,0,0,0,0,0,0,0,0,0,0,0,0,0,0,0,0,0,0,0,0,24,30,30,19,0,0,0,0,0,0,0,0,0,0,0,0,0,0,0,0,0,0,0,0,0,0,0,0,0,0,0,0,0,0,0,0,0,0,0,0,0,0,0,0,0,0,0,0,0,0,0,0,0,0,0,0,0,0,0,0,0,0,0,0,0,0,0,0,0,0,0,0,0,0,0,0,0,0,0,0,0,0,0,0,0,0,0,0,0,0,0,0,0,0,0,0,0,0,0,0,0,0,0,0,0,0,0,0,0,0,0,0,0,0,0,0,0,0,0,0,0,0,0,0,0,0,0,0,0,0,0,0,0,0,0,0,0,0,0,0,0,0,0,0,0,0,0,0,0,0,0,0,0,0,0,0,0,0,0,0,0,0,0,0,0,0,0,0,0,0,0,0,0,0,0,0,0,0,0,0,0,0,0,0,0,0,0,0,0,0,0,0,0,0,0,0,0,0,0,0,0,0,0,0,0,0,0,0,0,0,0,0,0,0,0,0,0,0,0,0,0,0,0,0,0,0,0,0,0,0,0,0,0,0,0,0,0
2,0,0,0,0,0,0,0,0,0,0,0,0,0,0,0,0,0,0,0,0,0,0,0,0,0,0,0,0,0,0,0,0,0,0,0,0,0,0,0,0,0,0,0,0,0,0,0,0,0,0,0,0,0,0,0,0,0,0,0,0,0,0,0,0,0,0,0,0,0,0,0,0,0,0,0,0,0,0,0,0,0,0,0,0,0,0,0,0,0,0,0,0,0,0,0,0,0,0,0,0,0,0,0,0,0,0,0,0,0,0,0,0,0,0,0,0,0,0,0,0,0,0,0,0,0,0,0,0,0,0,0,0,0,0,0,0,0,0,0,0,0,0,0,0,0,0,0,0,0,0,0,0,0,0,0,0,0,0,0,0,0,0,0,0,0,0,0,0,0,0,0,0,0,0,0,0,0,0,0,0,0,0,0,0,0,0,0,0,0,0,0,0,0,0,0,0,0,0,0,0,0,0,0,0,0,0,0,0,0,0,0,0,0,28,63,37,4,0,0,0,0,0,0,0,0,0,0,0,0,0,0,0,0,0,0,0,0,0,0,20,187,243,254,254,192,22,0,0,0,0,0,0,0,0,76,222,95,0,0,0,0,0,0,0,0,0,0,159,223,103,32,50,241,137,0,0,0,0,0,0,0,0,174,83,11,0,0,0,0,0,0,0,0,0,72,242,35,0,0,0,230,173,0,0,0,0,0,0,0,0,226,68,0,0,0,0,0,0,0,0,0,0,79,246,0,0,0,56,253,94,0,0,0,0,0,0,0,0,255,74,0,0,0,0,0,0,0,0,0,0,102,246,5,0,0,93,254,12,0,0,0,0,0,0,0,0,185,186,7,0,0,0,0,0,0,0,0,0,20,242,116,0,78,245,167,3,0,0,0,0,0,0,0,0,53,243,114,7,0,0,0,0,0,0,0,0,0,119,243,81,244,214,29,0,0,0,0,0,0,0,0,0,0,122,242,114,24,0,0,0,0,0,0,0,0,59,254,254,214,30,0,0,0,0,0,0,0,0,0,0,0,0,97,222,219,71,44,0,0,11,65,65,165,253,207,218,226,42,0,0,0,0,0,0,0,0,0,0,0,0,0,24,167,223,249,182,218,241,254,254,181,95,5,18,200,227,40,0,0,0,0,0,0,0,0,0,0,0,0,0,0,2,84,165,165,165,97,38,1,0,0,0,16,202,134,1,0,0,0,0,0,0,0,0,0,0,0,0,0,0,0,0,0,0,0,0,0,0,0,0,0,58,244,102,0,0,0,0,0,0,0,0,0,0,0,0,0,0,0,0,0,0,0,0,0,0,0,0,0,0,184,209,0,0,0,0,0,0,0,0,0,0,0,0,0,0,0,0,0,0,0,0,0,0,0,0,0,0,69,240,0,0,0,0,0,0,0,0,0,0,0,0,0,0,0,0,0,0,0,0,0,0,0,0,0,0,32,54,0,0,0,0,0,0,0,0,0,0,0,0,0,0,0,0,0,0,0,0,0,0,0,0,0,0,0,0,0,0,0,0,0,0,0,0,0,0,0,0,0,0,0,0,0,0,0,0,0,0,0,0,0,0,0,0,0,0,0,0,0,0,0,0,0,0,0,0,0,0,0,0,0,0,0,0,0,0,0,0,0,0,0,0,0,0,0,0,0,0,0,0,0,0,0,0,0,0,0,0,0,0,0,0,0,0,0,0,0,0,0,0,0,0,0,0,0,0,0,0,0,0,0,0,0,0,0,0,0,0,0,0,0,0,0,0,0,0,0,0,0,0,0,0,0,0
6,0,0,0,0,0,0,0,0,0,0,0,0,0,0,0,0,0,0,0,0,0,0,0,0,0,0,0,0,0,0,0,0,0,0,0,0,0,0,0,0,0,0,0,0,0,0,0,0,0,0,0,0,0,0,0,0,0,0,0,0,0,0,0,0,0,0,0,0,0,0,0,0,0,0,0,0,0,0,0,0,0,0,0,0,0,0,0,0,0,0,0,0,0,0,0,0,0,0,0,0,0,0,0,0,0,0,0,0,0,0,0,0,0,0,0,0,0,0,0,0,0,0,0,0,0,0,0,0,0,0,0,0,0,0,0,0,0,0,0,0,0,0,0,0,0,0,0,0,0,0,0,0,0,0,0,0,0,0,0,0,0,0,0,0,0,0,0,0,0,0,0,0,0,0,0,20,209,254,255,254,254,254,254,254,254,103,4,0,0,0,0,0,0,0,0,0,0,0,0,0,0,17,136,208,253,253,253,253,253,253,253,253,253,253,207,25,1,0,0,0,0,0,0,0,0,0,0,0,17,205,253,253,253,241,235,235,235,140,208,235,241,253,253,253,88,0,0,0,0,0,0,0,0,0,0,16,205,253,253,238,149,36,0,0,0,0,0,0,36,232,253,253,207,80,0,0,0,0,0,0,0,0,0,206,253,251,149,39,0,0,0,0,0,0,0,0,0,85,208,250,253,135,0,0,0,0,0,0,0,0,0,217,216,139,0,0,0,0,0,0,0,0,0,0,0,0,0,150,253,210,4,0,0,0,0,0,0,0,0,0,0,0,0,0,0,0,0,0,0,0,0,0,0,0,0,36,242,253,27,0,0,0,0,0,0,0,0,0,0,0,0,0,0,0,0,0,13,144,174,174,174,25,0,0,211,253,129,0,0,0,0,0,0,0,0,0,0,0,0,0,0,0,0,68,198,253,253,253,253,125,0,0,112,253,129,0,0,0,0,0,0,0,0,0,0,0,0,0,0,0,0,180,253,253,253,253,253,229,114,0,112,253,129,0,0,0,0,0,0,0,0,0,0,0,0,0,0,0,38,236,253,168,61,61,164,244,229,52,112,253,129,0,0,0,0,0,0,0,0,0,0,0,0,0,0,0,50,253,204,14,0,0,0,181,253,148,112,253,129,0,0,0,0,0,0,0,0,0,0,0,0,0,0,0,50,253,191,0,0,0,0,64,244,181,118,253,129,0,0,0,0,0,0,0,0,0,0,0,0,0,0,0,50,253,148,0,0,0,0,0,87,245,172,213,25,0,0,0,0,0,0,0,0,0,0,0,0,0,0,0,50,253,128,0,0,0,0,0,0,184,253,135,0,0,0,0,0,0,0,0,0,0,0,0,0,0,0,0,50,253,176,0,0,0,0,0,0,106,253,87,0,0,0,0,0,0,0,0,0,0,0,0,0,0,0,0,5,187,247,108,0,0,0,0,42,228,207,7,0,0,0,0,0,0,0,0,0,0,0,0,0,0,0,0,0,126,253,215,112,112,112,157,243,253,26,0,0,0,0,0,0,0,0,0,0,0,0,0,0,0,0,0,0,30,222,253,253,253,253,253,253,95,1,0,0,0,0,0,0,0,0,0,0,0,0,0,0,0,0,0,0,0,126,253,253,214,87,112,81,1,0,0,0,0,0,0,0,0,0,0,0,0,0,0,0,0,0,0,0,0,0,0,0,0,0,0,0,0,0,0,0,0,0,0,0,0,0,0,0,0,0,0,0,0,0,0,0,0,0,0,0,0,0,0,0,0,0,0,0,0,0,0,0,0
9,0,0,0,0,0,0,0,0,0,0,0,0,0,0,0,0,0,0,0,0,0,0,0,0,0,0,0,0,0,0,0,0,0,0,0,0,0,0,0,0,0,0,0,0,0,0,0,0,0,0,0,0,0,0,0,0,0,0,0,0,0,0,0,0,0,0,0,0,0,0,0,0,0,0,0,0,0,0,0,0,0,0,0,0,0,0,0,0,0,0,0,0,0,0,0,0,0,0,0,0,0,0,0,0,0,0,0,0,0,0,0,0,0,0,0,0,0,0,0,0,0,0,0,0,0,0,0,0,0,0,0,0,0,0,0,0,0,0,0,0,0,0,0,0,0,0,0,0,0,0,0,0,0,0,0,0,0,0,0,0,0,0,0,0,0,0,0,0,0,0,0,0,0,0,0,0,0,0,0,0,95,128,128,86,0,0,0,0,0,0,0,0,0,0,0,0,0,0,0,0,0,0,0,0,0,0,2,116,254,253,253,249,96,0,0,0,0,0,0,0,0,0,0,0,0,0,0,0,0,0,0,0,0,0,116,253,254,201,207,253,227,0,0,0,0,0,0,0,0,0,0,0,0,0,0,0,0,0,0,0,0,50,234,254,182,7,69,254,254,59,0,0,0,0,0,0,0,0,0,0,0,0,0,0,0,0,0,0,0,179,253,214,7,0,37,253,253,91,0,0,0,0,0,0,0,0,0,0,0,0,0,0,0,0,0,0,60,248,250,62,0,0,32,245,253,46,0,0,0,0,0,0,0,0,0,0,0,0,0,0,0,0,0,0,184,253,163,0,0,0,16,222,253,0,0,0,0,0,0,0,0,0,0,0,0,0,0,0,0,0,0,27,242,253,80,0,0,0,102,253,220,0,0,0,0,0,0,0,46,155,59,0,0,0,0,0,0,0,0,73,254,217,0,0,0,0,186,254,136,0,0,0,0,0,47,182,254,254,195,0,0,0,0,0,0,0,0,157,253,197,0,0,0,32,238,253,72,0,0,28,127,145,241,253,253,223,70,0,0,0,0,0,0,0,0,163,253,127,0,0,0,55,253,253,105,63,179,235,253,253,254,245,138,72,0,0,0,0,0,0,0,0,0,195,253,165,0,0,38,172,253,253,214,254,253,253,238,202,144,81,0,0,0,0,0,0,0,0,0,0,0,163,253,242,181,181,228,253,253,253,253,254,201,85,16,0,0,0,0,0,0,0,0,0,0,0,0,0,0,27,158,254,254,254,255,254,254,254,228,92,7,0,0,0,0,0,0,0,0,0,0,0,0,0,0,0,0,0,4,63,108,160,254,253,160,102,12,0,0,0,0,0,0,0,0,0,0,0,0,0,0,0,0,0,0,0,0,0,0,13,127,42,5,0,0,0,0,0,0,0,0,0,0,0,0,0,0,0,0,0,0,0,0,0,0,0,0,0,0,0,0,0,0,0,0,0,0,0,0,0,0,0,0,0,0,0,0,0,0,0,0,0,0,0,0,0,0,0,0,0,0,0,0,0,0,0,0,0,0,0,0,0,0,0,0,0,0,0,0,0,0,0,0,0,0,0,0,0,0,0,0,0,0,0,0,0,0,0,0,0,0,0,0,0,0,0,0,0,0,0,0,0,0,0,0,0,0,0,0,0,0,0,0,0,0,0,0,0,0,0,0,0,0,0,0,0,0,0,0,0,0,0,0,0,0,0,0,0,0,0,0,0,0,0,0,0,0,0,0,0,0,0,0,0,0,0,0,0,0,0,0,0,0,0,0,0,0,0,0,0,0,0,0,0
7,0,0,0,0,0,0,0,0,0,0,0,0,0,0,0,0,0,0,0,0,0,0,0,0,0,0,0,0,0,0,0,0,0,0,0,0,0,0,0,0,0,0,0,0,0,0,0,0,0,0,0,0,0,0,0,0,0,0,0,0,0,0,0,64,128,64,0,0,0,0,0,0,0,0,0,0,0,0,0,0,0,0,0,0,0,0,0,0,0,0,0,191,255,255,0,0,0,0,0,0,0,0,0,0,0,0,0,0,0,0,0,0,0,0,0,0,0,0,0,255,255,255,64,0,0,0,0,0,0,0,0,0,0,0,0,0,0,0,0,0,0,0,0,0,0,0,0,128,255,255,64,0,0,0,0,0,0,0,0,0,0,0,0,0,0,0,0,0,0,0,0,0,0,0,0,128,255,255,128,0,0,0,0,0,0,0,0,0,0,0,0,0,0,0,0,0,0,0,0,0,0,0,0,128,255,255,128,0,0,0,0,0,0,0,0,0,0,0,0,0,0,0,0,0,0,0,0,0,0,0,0,64,255,255,128,0,0,0,0,0,0,0,0,0,0,0,0,0,0,0,0,0,0,0,0,0,0,0,0,0,255,255,128,0,0,0,0,0,0,0,0,0,0,0,0,0,0,0,0,0,0,0,0,0,0,0,0,0,255,255,255,0,0,0,0,0,0,0,0,0,0,0,0,0,0,0,0,0,0,0,0,0,0,0,0,0,255,255,255,0,0,0,0,0,0,0,0,0,0,0,0,0,0,0,0,0,0,0,0,0,0,0,0,0,255,255,255,0,0,0,0,0,0,0,0,0,0,0,0,0,0,0,0,0,0,0,0,0,0,0,0,0,128,255,255,64,0,0,0,0,0,0,0,0,0,0,0,0,0,0,0,0,0,0,0,0,0,0,0,0,128,255,255,191,0,0,0,0,0,0,0,0,0,0,0,0,128,128,128,0,0,0,0,0,0,0,0,0,64,255,255,255,64,0,0,0,0,0,0,0,0,0,0,191,255,255,255,0,0,0,0,0,0,0,0,0,0,191,255,255,255,64,0,0,0,0,0,0,128,255,255,255,255,255,255,0,0,0,0,0,0,0,0,0,0,64,255,255,255,255,128,128,128,128,128,191,255,255,255,255,255,191,64,0,0,0,0,0,0,0,0,0,0,0,128,255,255,255,255,255,255,255,255,255,255,255,255,255,191,0,0,0,0,0,0,0,0,0,0,0,0,0,0,255,255,255,255,255,255,255,255,255,255,191,64,0,0,0,0,0,0,0,0,0,0,0,0,0,0,0,0,64,128,128,255,255,255,255,191,128,64,0,0,0,0,0,0,0,0,0,0,0,0,0,0,0,0,0,0,0,0,0,0,64,128,0,0,0,0,0,0,0,0,0,0,0,0,0,0,0,0,0,0,0,0,0,0,0,0,0,0,0,0,0,0,0,0,0,0,0,0,0,0,0,0,0,0,0,0,0,0,0,0,0,0,0,0,0,0,0,0,0,0,0,0,0,0,0,0,0,0,0,0,0,0,0,0,0,0,0,0,0,0,0,0,0,0,0,0,0,0,0,0,0,0,0,0,0,0,0,0,0,0,0,0,0,0,0,0,0,0,0,0,0,0,0,0,0,0,0,0,0,0,0,0,0,0,0,0,0,0,0,0,0,0,0,0,0,0,0,0,0,0,0,0,0,0,0,0,0,0,0,0,0,0,0,0,0,0,0,0,0,0,0,0,0,0,0,0,0,0,0,0,0,0,0,0,0,0,0,0,0,0,0
7,0,0,0,0,0,0,0,0,0,0,0,0,0,0,0,0,0,0,0,0,0,0,0,0,0,0,0,0,0,0,0,0,0,0,0,0,0,0,0,0,0,0,0,0,0,0,0,0,0,0,0,0,0,0,0,0,0,0,0,0,0,0,0,0,0,0,0,0,0,0,0,0,0,0,0,0,0,0,0,0,0,0,0,0,0,0,0,0,0,0,0,0,0,0,0,0,0,0,0,0,0,0,0,0,0,0,0,0,0,0,0,0,0,0,0,0,0,0,0,68,125,0,0,0,0,0,0,0,0,0,0,0,0,0,0,0,0,0,0,0,0,0,0,0,0,0,0,197,248,60,0,0,0,0,0,0,0,0,0,0,0,0,0,0,0,0,0,0,0,0,0,0,0,0,0,255,253,111,0,0,0,0,0,0,0,0,0,0,0,0,0,0,0,18,19,0,0,0,0,0,0,0,0,242,253,111,0,0,0,0,0,0,0,0,0,0,0,0,0,0,79,249,253,0,0,0,0,0,0,0,0,145,253,111,0,0,0,0,22,25,0,0,0,0,0,0,0,81,247,253,253,0,0,0,0,0,0,0,0,236,253,111,0,0,0,47,224,206,10,0,0,0,0,33,87,245,253,236,155,0,0,0,0,0,0,0,0,212,253,111,0,0,0,86,253,253,68,0,0,0,79,241,253,253,234,52,0,0,0,0,0,0,0,0,0,169,253,111,0,0,0,44,253,253,128,0,15,150,240,253,234,92,45,0,0,0,0,0,0,0,0,0,0,130,253,138,0,0,0,44,253,253,155,43,175,253,253,205,60,0,0,0,0,0,0,0,0,0,0,0,0,130,253,235,0,0,0,44,253,253,237,237,253,253,159,10,0,0,0,0,0,0,0,0,0,0,0,0,0,130,253,235,0,0,0,11,193,253,253,253,253,98,11,0,0,0,0,0,0,0,0,0,0,0,0,0,0,95,253,235,0,0,0,0,174,253,253,253,158,11,0,0,0,0,0,0,0,0,0,0,0,0,0,0,0,107,253,241,34,0,0,75,238,253,253,198,11,0,0,0,0,0,0,0,0,0,0,0,0,0,0,0,0,130,253,238,18,0,74,239,253,253,253,142,0,0,0,0,0,0,0,0,0,0,0,0,0,0,0,0,0,85,253,241,48,109,240,253,253,253,253,61,0,0,0,0,0,0,0,0,0,0,0,0,0,0,0,0,0,116,253,253,239,253,253,236,173,253,253,61,0,0,0,0,0,0,0,0,0,0,0,0,0,0,0,0,0,70,253,253,253,253,219,20,50,253,253,61,0,0,0,0,0,0,0,0,0,0,0,0,0,0,0,0,0,76,253,253,242,141,60,0,28,221,253,61,0,0,0,0,0,0,0,0,0,0,0,0,0,0,0,0,0,7,253,253,170,0,0,0,0,180,253,61,0,0,0,0,0,0,0,0,0,0,0,0,0,0,0,0,0,1,12,60,3,0,0,0,0,31,99,2,0,0,0,0,0,0,0,0,0,0,0,0,0,0,0,0,0,0,0,0,0,0,0,0,0,0,0,0,0,0,0,0,0,0,0,0,0,0,0,0,0,0,0,0,0,0,0,0,0,0,0,0,0,0,0,0,0,0,0,0,0,0,0,0,0,0,0,0,0,0,0,0,0,0,0,0,0,0,0,0,0,0,0,0,0,0,0,0,0,0,0,0,0,0,0,0,0,0,0,0,0,0,0,0,0,0,0,0,0,0,0,0,0,0,0,0,0,0,0,0,0,0
3,0,0,0,0,0,0,0,0,0,0,0,0,0,0,0,0,0,0,0,0,0,0,0,0,0,0,0,0,0,0,0,0,0,0,0,0,0,0,0,0,0,0,0,0,0,0,0,0,0,0,0,0,0,0,0,0,0,0,0,0,0,0,0,0,0,0,0,0,0,0,0,0,0,0,0,0,0,0,0,0,0,0,0,0,0,0,0,0,0,0,0,0,0,0,0,0,0,0,0,0,0,0,0,0,0,0,0,0,0,0,0,0,0,0,0,0,0,0,0,0,0,0,0,0,0,0,0,0,0,0,0,0,0,0,0,0,0,0,0,0,0,0,0,0,0,0,0,0,0,0,0,0,0,0,0,0,0,0,0,0,0,0,0,0,0,0,0,0,0,0,0,0,0,0,0,0,0,0,0,0,0,0,0,0,0,0,0,0,0,0,0,0,0,0,0,0,0,0,0,0,0,0,64,128,64,0,0,0,0,0,0,0,0,0,0,0,0,0,0,0,0,0,0,0,0,0,0,0,0,64,255,255,128,0,0,0,0,0,0,0,0,0,0,0,0,0,0,0,0,0,0,0,0,0,0,0,0,128,255,255,128,0,0,0,0,128,255,191,0,0,0,0,0,128,0,0,0,0,0,0,0,0,0,0,0,128,191,255,128,0,0,0,64,255,255,255,128,0,0,0,128,191,255,255,0,0,0,0,0,0,0,0,0,128,255,255,128,0,0,128,255,255,255,255,128,0,0,64,255,255,255,255,191,0,0,0,0,0,0,0,0,255,255,255,64,0,64,255,255,255,255,255,128,0,0,0,191,255,255,255,255,0,0,0,0,0,0,0,0,128,255,255,0,0,128,255,255,255,255,255,128,0,0,0,0,191,255,255,255,0,0,0,0,0,0,0,0,255,255,255,128,0,128,255,255,255,255,255,128,0,0,0,64,255,255,255,255,0,0,0,0,0,0,0,0,191,255,255,191,128,191,255,255,255,255,255,255,64,0,0,255,255,255,255,128,0,0,0,0,0,0,0,0,128,255,255,255,255,255,255,255,255,255,255,255,255,255,255,255,255,255,255,64,0,0,0,0,0,0,0,0,64,255,255,255,255,255,255,191,0,191,255,255,255,255,255,255,255,255,64,0,0,0,0,0,0,0,0,0,0,64,255,255,255,255,191,64,0,64,191,255,255,255,255,255,255,128,0,0,0,0,0,0,0,0,0,0,0,0,64,128,128,64,0,0,0,0,0,128,191,255,255,128,0,0,0,0,0,0,0,0,0,0,0,0,0,0,0,0,0,0,0,0,0,0,0,0,0,0,0,0,0,0,0,0,0,0,0,0,0,0,0,0,0,0,0,0,0,0,0,0,0,0,0,0,0,0,0,0,0,0,0,0,0,0,0,0,0,0,0,0,0,0,0,0,0,0,0,0,0,0,0,0,0,0,0,0,0,0,0,0,0,0,0,0,0,0,0,0,0,0,0,0,0,0,0,0,0,0,0,0,0,0,0,0,0,0,0,0,0,0,0,0,0,0,0,0,0,0,0,0,0,0,0,0,0,0,0,0,0,0,0,0,0,0,0,0,0,0,0,0,0,0,0,0,0,0,0,0,0,0,0,0,0,0,0,0,0,0,0,0,0,0,0,0,0,0,0,0,0,0,0,0,0,0,0,0,0,0,0,0,0,0,0,0,0,0,0,0,0,0,0,0,0,0,0,0,0,0,0,0,0,0,0,0,0,0,0,0,0,0,0,0,0,0,0,0,0,0,0,0,0,0,0
0,0,0,0,0,0,0,0,0,0,0,0,0,0,0,0,0,0,0,0,0,0,0,0,0,0,0,0,0,0,0,0,0,0,0,0,0,0,0,0,0,0,0,0,0,0,0,0,0,0,0,0,0,0,0,0,0,0,0,0,0,0,0,0,0,0,0,0,0,0,0,0,0,0,0,0,0,0,0,0,0,0,0,0,0,0,0,0,0,0,0,0,0,0,0,0,0,0,0,0,0,0,0,0,0,0,0,0,0,0,0,0,0,0,0,0,0,0,0,0,0,0,0,0,0,0,0,0,0,0,0,0,0,0,0,0,0,0,0,0,0,0,0,0,0,0,0,0,0,0,0,0,5,63,208,254,254,255,255,163,30,0,0,0,0,0,0,0,0,0,0,0,0,0,0,0,0,0,0,17,119,254,254,252,244,254,254,254,222,28,0,0,0,0,0,0,0,0,0,0,0,0,0,0,0,0,32,223,254,254,236,117,46,67,74,254,254,162,0,0,0,0,0,0,0,0,0,0,0,0,0,0,0,37,224,254,249,98,4,0,0,0,1,95,248,252,55,0,0,0,0,0,0,0,0,0,0,0,0,0,6,205,254,239,67,0,0,0,0,0,0,0,185,254,172,0,0,0,0,0,0,0,0,0,0,0,0,0,159,254,224,33,0,0,0,0,0,0,0,0,134,254,186,0,0,0,0,0,0,0,0,0,0,0,0,111,252,254,200,4,0,0,0,0,0,0,0,0,99,254,186,0,0,0,0,0,0,0,0,0,0,0,14,217,254,254,124,0,0,0,0,0,0,0,0,0,62,254,212,11,0,0,0,0,0,0,0,0,0,0,20,232,254,254,138,0,0,0,0,0,0,0,0,0,134,254,186,0,0,0,0,0,0,0,0,0,0,0,0,132,254,254,200,4,0,0,0,0,0,0,0,0,134,254,186,0,0,0,0,0,0,0,0,0,0,0,0,57,252,234,32,0,0,0,0,0,0,0,0,0,134,254,186,0,0,0,0,0,0,0,0,0,0,0,0,92,254,200,0,0,0,0,0,0,0,0,0,0,200,254,122,0,0,0,0,0,0,0,0,0,0,0,0,92,254,133,0,0,0,0,0,0,0,0,0,40,243,254,91,0,0,0,0,0,0,0,0,0,0,0,0,92,254,133,0,0,0,0,0,0,0,0,0,113,254,248,53,0,0,0,0,0,0,0,0,0,0,0,0,92,254,197,0,0,0,0,0,0,0,0,3,192,254,126,0,0,0,0,0,0,0,0,0,0,0,0,0,43,251,242,38,0,0,0,0,0,0,0,76,254,233,27,0,0,0,0,0,0,0,0,0,0,0,0,0,0,137,254,180,8,0,0,0,0,0,21,222,254,139,0,0,0,0,0,0,0,0,0,0,0,0,0,0,0,21,178,254,235,84,68,68,73,128,247,254,207,9,0,0,0,0,0,0,0,0,0,0,0,0,0,0,0,0,3,129,240,254,254,254,254,254,254,232,20,0,0,0,0,0,0,0,0,0,0,0,0,0,0,0,0,0,0,0,113,254,254,254,248,194,141,36,0,0,0,0,0,0,0,0,0,0,0,0,0,0,0,0,0,0,0,0,0,0,0,0,0,0,0,0,0,0,0,0,0,0,0,0,0,0,0,0,0,0,0,0,0,0,0,0,0,0,0,0,0,0,0,0,0,0,0,0,0,0,0,0,0,0,0,0,0,0,0,0,0,0,0,0,0,0,0,0,0,0,0,0,0,0,0,0,0,0,0,0,0,0
7,0,0,0,0,0,0,0,0,0,0,0,0,0,0,0,0,0,0,0,0,0,0,0,0,0,0,0,0,0,0,0,0,0,0,0,0,0,0,0,0,0,0,0,0,0,0,0,0,0,0,0,0,0,0,0,0,0,0,0,0,0,0,0,0,222,181,0,0,0,0,0,0,0,0,0,0,0,0,0,0,0,0,0,0,0,0,0,0,0,0,0,0,251,253,12,0,0,0,0,0,0,0,0,0,0,0,0,0,0,0,0,0,0,0,0,0,0,0,0,0,251,254,13,0,0,0,0,0,0,0,0,0,0,0,0,0,0,0,0,0,0,0,0,0,0,0,0,0,251,254,13,0,0,0,0,0,0,0,0,0,0,0,0,0,0,0,0,0,0,0,0,0,0,0,0,0,229,254,13,0,0,0,0,0,0,0,0,0,0,0,0,0,0,0,0,0,0,0,0,0,0,0,0,0,244,254,13,0,0,0,0,0,0,0,0,0,0,0,0,0,0,0,0,0,0,0,0,0,0,0,0,0,251,254,13,0,0,0,0,0,0,0,0,0,0,0,0,0,0,0,0,0,0,0,0,0,0,0,0,0,251,254,13,0,0,0,0,0,0,0,0,0,0,0,0,0,0,0,0,0,0,0,0,0,0,0,0,16,252,254,88,0,0,0,0,0,0,0,0,0,0,0,0,3,110,193,43,0,0,0,0,0,0,0,0,13,207,254,99,0,0,0,0,0,0,0,0,0,0,0,24,195,254,254,68,0,0,0,0,0,0,0,0,13,208,254,141,0,0,0,0,0,0,0,0,0,0,24,208,254,254,178,0,0,0,0,0,0,0,0,0,44,241,254,115,0,0,0,0,0,0,0,0,0,75,228,254,254,165,31,0,0,0,0,0,0,0,0,0,0,234,254,138,0,0,0,0,0,0,0,5,139,243,254,254,135,15,0,0,0,0,0,0,0,0,0,0,0,183,254,239,13,0,0,0,0,0,27,191,254,254,229,56,15,0,0,0,0,0,0,0,0,0,0,0,0,128,254,254,54,0,0,0,0,26,210,254,254,190,35,0,0,0,0,0,0,0,0,0,0,0,0,0,0,20,249,254,168,0,0,0,42,223,254,252,187,14,0,0,0,0,0,0,0,0,0,0,0,0,0,0,0,0,183,254,237,54,27,146,222,254,253,92,0,0,0,0,0,0,0,0,0,0,0,0,0,0,0,0,0,0,160,254,254,237,223,255,254,238,77,0,0,0,0,0,0,0,0,0,0,0,0,0,0,0,0,0,0,0,100,255,254,254,254,254,159,65,0,0,0,0,0,0,0,0,0,0,0,0,0,0,0,0,0,0,0,0,24,106,249,254,176,105,0,0,0,0,0,0,0,0,0,0,0,0,0,0,0,0,0,0,0,0,0,0,0,0,0,0,0,0,0,0,0,0,0,0,0,0,0,0,0,0,0,0,0,0,0,0,0,0,0,0,0,0,0,0,0,0,0,0,0,0,0,0,0,0,0,0,0,0,0,0,0,0,0,0,0,0,0,0,0,0,0,0,0,0,0,0,0,0,0,0,0,0,0,0,0,0,0,0,0,0,0,0,0,0,0,0,0,0,0,0,0,0,0,0,0,0,0,0,0,0,0,0,0,0,0,0,0,0,0,0,0,0,0,0,0,0,0,0,0,0,0,0,0,0,0,0,0,0,0,0,0,0,0,0,0,0,0,0,0,0,0,0,0,0,0,0,0,0,0,0,0,0,0,0,0,0,0,0,0,0,0
0,0,0,0,0,0,0,0,0,0,0,0,0,0,0,0,0,0,0,0,0,0,0,0,0,0,0,0,0,0,0,0,0,0,0,0,0,0,0,0,0,0,0,0,0,0,0,0,0,0,0,0,0,0,0,0,0,0,0,0,0,0,0,0,0,0,0,0,0,0,0,0,0,0,0,0,0,0,0,0,0,0,0,0,0,0,0,0,0,0,0,0,0,0,0,0,0,0,0,0,0,0,0,0,0,0,0,0,0,0,0,0,0,0,0,0,0,0,0,0,0,0,0,0,0,0,0,0,0,0,0,0,0,0,0,0,0,0,0,0,0,0,0,0,0,0,0,0,0,0,0,0,0,0,0,0,0,0,0,0,0,0,0,0,0,0,0,0,0,0,0,0,0,0,0,0,0,0,0,40,118,118,151,248,154,208,160,118,45,0,0,0,0,0,0,0,0,0,0,0,0,0,0,0,0,0,88,245,253,253,253,253,253,253,253,253,246,241,105,0,0,0,0,0,0,0,0,0,0,0,0,0,0,95,225,253,253,253,253,253,253,253,253,253,253,253,243,229,0,0,0,0,0,0,0,0,0,0,0,0,144,251,253,253,253,253,177,58,120,155,155,155,216,253,253,253,161,0,0,0,0,0,0,0,0,0,90,216,251,253,253,253,225,58,8,0,0,0,0,0,33,216,253,253,139,0,0,0,0,0,0,0,0,86,250,253,253,253,253,137,27,0,0,0,0,0,0,0,0,40,253,253,234,0,0,0,0,0,0,0,0,254,253,253,253,182,61,7,0,0,0,0,0,0,0,0,0,128,253,250,83,0,0,0,0,0,0,0,0,254,253,253,224,18,0,0,0,0,0,0,0,0,0,0,0,150,253,253,123,0,0,0,0,0,0,0,0,254,253,253,48,0,0,0,0,0,0,0,0,0,0,0,0,150,253,253,123,0,0,0,0,0,0,0,0,254,253,253,49,0,0,0,0,0,0,0,0,0,0,0,7,174,253,221,95,0,0,0,0,0,0,0,0,135,252,253,170,6,0,0,0,0,0,0,0,0,0,0,27,253,253,210,0,0,0,0,0,0,0,0,0,0,248,253,253,49,0,0,0,0,0,0,0,0,0,6,134,253,253,156,0,0,0,0,0,0,0,0,0,0,160,253,253,170,26,0,0,0,0,0,0,0,7,67,253,253,253,183,0,0,0,0,0,0,0,0,0,0,118,253,253,253,221,42,0,0,0,0,0,6,134,253,253,253,253,117,0,0,0,0,0,0,0,0,0,0,45,232,253,253,253,221,156,156,156,156,156,174,253,253,253,251,153,45,0,0,0,0,0,0,0,0,0,0,0,103,234,251,253,253,253,253,253,253,253,253,253,253,251,215,0,0,0,0,0,0,0,0,0,0,0,0,0,0,0,149,245,253,253,253,253,253,253,253,253,252,148,0,0,0,0,0,0,0,0,0,0,0,0,0,0,0,0,0,42,117,117,117,217,247,220,117,117,102,0,0,0,0,0,0,0,0,0,0,0,0,0,0,0,0,0,0,0,0,0,0,0,0,0,0,0,0,0,0,0,0,0,0,0,0,0,0,0,0,0,0,0,0,0,0,0,0,0,0,0,0,0,0,0,0,0,0,0,0,0,0,0,0,0,0,0,0,0,0,0,0,0,0,0,0,0,0,0,0,0,0,0,0,0,0,0,0,0,0,0,0,0,0,0,0,0,0,0,0,0,0,0,0,0,0,0,0,0,0,0,0,0,0,0,0,0,0,0,0,0
7,0,0,0,0,0,0,0,0,0,0,0,0,0,0,0,0,0,0,0,0,0,0,0,0,0,0,0,0,0,0,0,0,0,0,0,0,0,0,0,0,0,0,0,0,0,0,0,0,0,0,0,0,0,0,0,0,0,0,0,0,0,0,0,0,0,0,0,0,0,0,0,0,0,0,0,0,0,0,0,0,0,0,0,0,0,0,0,0,0,0,0,0,0,0,0,0,0,0,0,0,0,0,0,0,0,0,0,0,0,0,0,0,0,0,0,0,0,0,0,0,14,145,118,0,0,0,0,0,0,0,0,0,0,0,0,0,0,0,0,0,0,0,0,0,0,0,0,0,25,253,212,11,0,0,0,0,0,0,0,0,0,0,0,0,0,0,0,0,0,0,0,0,0,0,0,0,25,253,221,24,0,0,0,0,0,0,0,0,0,0,0,0,0,0,0,0,0,0,0,0,0,0,0,0,19,230,205,0,0,0,0,0,0,0,0,0,0,0,0,0,0,0,0,0,0,0,0,0,0,0,0,0,0,65,219,21,0,0,0,0,0,0,0,0,0,0,0,0,0,0,0,0,0,0,0,0,0,0,0,0,0,135,230,38,0,0,0,0,82,0,0,0,0,0,0,0,0,0,0,0,0,0,0,0,0,0,0,0,0,157,253,72,0,0,0,95,252,105,0,0,0,0,0,0,0,0,0,0,0,0,0,0,0,0,0,0,11,199,253,72,0,0,0,110,253,231,0,0,0,0,0,0,0,0,0,0,0,0,0,0,0,0,0,0,25,253,253,72,0,0,0,110,253,242,0,0,0,0,0,0,0,0,0,0,0,0,0,0,0,0,0,0,13,209,254,72,0,0,0,110,254,244,13,13,94,133,226,254,254,254,81,0,0,0,0,0,0,0,0,0,25,253,253,72,7,124,145,192,253,254,253,253,253,253,253,253,253,253,242,0,0,0,0,0,0,0,0,0,25,253,253,184,185,253,253,253,253,254,250,217,217,217,182,96,96,96,51,0,0,0,0,0,0,0,0,0,48,253,253,253,253,253,235,249,253,246,76,0,0,0,0,0,0,0,0,0,0,0,0,0,0,0,0,38,223,253,253,239,101,72,45,143,253,184,0,0,0,0,0,0,0,0,0,0,0,0,0,0,0,0,0,226,253,253,181,46,0,0,0,110,253,149,0,0,0,0,0,0,0,0,0,0,0,0,0,0,0,0,0,214,245,151,16,0,0,0,0,110,253,81,0,0,0,0,0,0,0,0,0,0,0,0,0,0,0,0,0,19,32,0,0,0,0,0,0,167,253,0,0,0,0,0,0,0,0,0,0,0,0,0,0,0,0,0,0,0,0,0,0,0,0,0,0,63,87,0,0,0,0,0,0,0,0,0,0,0,0,0,0,0,0,0,0,0,0,0,0,0,0,0,0,0,0,0,0,0,0,0,0,0,0,0,0,0,0,0,0,0,0,0,0,0,0,0,0,0,0,0,0,0,0,0,0,0,0,0,0,0,0,0,0,0,0,0,0,0,0,0,0,0,0,0,0,0,0,0,0,0,0,0,0,0,0,0,0,0,0,0,0,0,0,0,0,0,0,0,0,0,0,0,0,0,0,0,0,0,0,0,0,0,0,0,0,0,0,0,0,0,0,0,0,0,0,0,0,0,0,0,0,0,0,0,0,0,0,0,0,0,0,0,0,0,0,0,0,0,0,0,0,0,0,0,0,0,0,0,0,0,0,0,0,0,0,0,0,0,0,0,0,0,0,0,0,0
3,0,0,0,0,0,0,0,0,0,0,0,0,0,0,0,0,0,0,0,0,0,0,0,0,0,0,0,0,0,0,0,0,0,0,0,0,0,0,0,0,0,0,0,0,0,0,0,0,0,0,0,0,0,0,0,0,0,0,0,0,0,0,0,0,0,0,0,0,0,0,0,0,0,0,0,0,0,0,0,0,0,0,0,0,0,0,0,0,0,0,0,0,0,0,0,0,0,0,0,0,0,0,0,0,0,0,0,0,0,0,0,0,0,0,0,0,0,0,0,0,0,0,0,0,0,0,0,0,0,0,0,0,0,0,0,0,0,0,0,0,0,0,0,0,0,0,0,0,0,0,0,0,0,0,0,0,0,0,0,0,0,0,0,0,0,0,0,0,0,0,0,0,0,0,0,0,0,0,0,0,0,0,0,0,0,0,0,0,0,0,0,0,0,0,0,0,0,0,0,0,0,0,0,0,0,0,0,0,0,0,0,0,0,0,0,0,0,12,28,0,0,0,0,0,0,0,0,0,0,0,0,0,0,0,0,0,0,0,0,0,0,0,0,0,35,162,245,189,0,0,0,0,0,0,0,0,0,0,0,0,0,0,0,0,0,0,0,0,0,0,0,0,10,120,208,255,0,0,0,0,0,0,0,0,0,0,41,181,72,0,0,0,8,131,45,0,0,0,0,0,0,0,36,247,0,0,0,0,0,0,0,0,0,66,236,218,105,0,0,0,143,254,224,0,0,0,0,0,0,0,12,241,0,0,0,0,0,0,0,0,54,236,206,8,2,0,0,62,250,254,239,0,0,0,0,0,0,0,24,244,0,0,0,0,0,0,0,0,175,209,53,0,0,0,10,217,254,254,164,0,0,0,0,0,0,0,89,254,0,0,0,0,0,0,0,0,230,245,33,0,0,16,215,254,245,254,229,0,0,0,0,0,0,3,225,255,0,0,0,0,0,0,0,0,254,254,147,32,32,160,254,173,44,192,151,28,0,0,0,0,4,148,254,234,0,0,0,0,0,0,0,0,132,242,254,242,236,222,151,24,0,0,175,228,9,0,0,0,87,254,254,80,0,0,0,0,0,0,0,0,0,59,150,113,75,80,0,0,0,0,126,254,148,8,0,64,207,254,198,7,0,0,0,0,0,0,0,0,0,0,0,0,0,0,0,0,0,0,1,170,254,220,184,254,254,174,17,0,0,0,0,0,0,0,0,0,0,0,0,0,0,0,0,0,0,0,0,45,134,179,239,154,20,0,0,0,0,0,0,0,0,0,0,0,0,0,0,0,0,0,0,0,0,0,0,0,0,0,0,0,0,0,0,0,0,0,0,0,0,0,0,0,0,0,0,0,0,0,0,0,0,0,0,0,0,0,0,0,0,0,0,0,0,0,0,0,0,0,0,0,0,0,0,0,0,0,0,0,0,0,0,0,0,0,0,0,0,0,0,0,0,0,0,0,0,0,0,0,0,0,0,0,0,0,0,0,0,0,0,0,0,0,0,0,0,0,0,0,0,0,0,0,0,0,0,0,0,0,0,0,0,0,0,0,0,0,0,0,0,0,0,0,0,0,0,0,0,0,0,0,0,0,0,0,0,0,0,0,0,0,0,0,0,0,0,0,0,0,0,0,0,0,0,0,0,0,0,0,0,0,0,0,0,0,0,0,0,0,0,0,0,0,0,0,0,0,0,0,0,0,0,0,0,0,0,0,0,0,0,0,0,0,0,0,0,0,0,0,0,0,0,0,0,0,0,0,0,0,0,0,0,0,0,0
7,0,0,0,0,0,0,0,0,0,0,0,0,0,0,0,0,0,0,0,0,0,0,0,0,0,0,0,0,0,0,0,0,0,0,0,0,0,0,0,0,0,0,0,0,0,0,0,0,0,0,0,0,0,0,0,0,0,0,0,0,0,0,0,0,0,0,0,0,0,0,0,0,0,0,0,0,0,0,0,0,0,0,0,0,0,0,0,0,0,0,0,0,0,0,0,0,0,0,0,0,0,0,0,0,0,0,0,0,0,0,0,0,0,0,0,0,0,0,0,0,0,0,0,0,0,0,0,0,0,0,0,0,0,0,0,0,0,0,0,0,0,0,0,0,0,0,0,0,0,29,97,84,0,0,0,0,0,0,0,0,0,0,0,0,0,0,0,0,0,0,0,0,0,0,0,0,0,191,253,248,86,0,0,0,0,0,0,0,0,0,0,0,0,0,0,0,0,0,0,0,0,0,0,0,74,244,253,253,131,0,0,0,0,0,0,0,0,0,93,192,87,0,0,0,0,0,0,0,0,0,0,0,116,253,253,253,221,0,0,0,0,0,0,0,0,89,243,253,240,161,16,0,0,0,0,0,0,0,0,0,234,253,253,253,103,0,0,0,0,0,0,8,82,248,253,253,253,253,124,0,0,0,0,0,0,0,0,0,234,253,253,253,103,0,0,0,0,0,0,144,253,253,253,253,253,253,253,0,0,0,0,0,0,0,0,0,234,253,253,253,103,0,0,0,0,0,87,251,253,253,253,253,253,253,119,0,0,0,0,0,0,0,0,0,234,253,253,253,103,0,0,0,25,190,244,253,253,253,253,231,212,78,12,0,0,0,0,0,0,0,0,32,239,253,253,244,75,0,0,25,194,253,253,253,253,253,193,65,26,0,0,0,0,0,0,0,0,0,0,118,253,253,253,219,0,0,21,195,253,253,253,253,253,151,9,0,0,0,0,0,0,0,0,0,0,0,0,207,253,253,253,219,0,86,203,253,253,253,253,249,89,5,0,0,0,0,0,0,0,0,0,0,0,0,0,254,253,253,253,145,15,200,253,253,253,253,249,165,0,0,0,0,0,0,0,0,0,0,0,0,0,0,0,254,253,253,253,253,253,253,253,253,253,230,46,0,0,0,0,0,0,0,0,0,0,0,0,0,0,0,0,254,253,253,253,253,253,253,253,253,225,47,0,0,0,0,0,0,0,0,0,0,0,0,0,0,0,0,0,255,253,253,253,253,253,253,253,253,139,0,0,0,0,0,0,0,0,0,0,0,0,0,0,0,0,0,0,254,253,253,253,253,253,253,133,54,10,0,0,0,0,0,0,0,0,0,0,0,0,0,0,0,0,0,0,138,228,253,222,212,212,141,2,0,0,0,0,0,0,0,0,0,0,0,0,0,0,0,0,0,0,0,0,0,37,96,23,0,0,0,0,0,0,0,0,0,0,0,0,0,0,0,0,0,0,0,0,0,0,0,0,0,0,0,0,0,0,0,0,0,0,0,0,0,0,0,0,0,0,0,0,0,0,0,0,0,0,0,0,0,0,0,0,0,0,0,0,0,0,0,0,0,0,0,0,0,0,0,0,0,0,0,0,0,0,0,0,0,0,0,0,0,0,0,0,0,0,0,0,0,0,0,0,0,0,0,0,0,0,0,0,0,0,0,0,0,0,0,0,0,0,0,0,0,0,0,0,0,0,0,0,0,0,0,0,0,0,0,0,0,0,0,0,0,0,0,0,0,0,0,0,0,0,0,0,0,0,0,0,0,0,0,0,0
2,0,0,0,0,0,0,0,0,0,0,0,0,0,0,0,0,0,0,0,0,0,0,0,0,0,0,0,0,0,0,0,0,0,0,0,0,0,0,0,0,0,0,0,0,0,0,0,0,0,0,0,0,0,0,0,0,0,0,0,0,0,0,0,0,0,0,0,0,0,0,0,0,0,0,0,0,0,0,0,0,0,0,0,0,0,0,0,0,0,0,0,0,0,0,0,0,0,0,0,0,0,0,0,0,0,0,0,0,0,0,0,0,0,0,0,0,0,0,0,0,0,0,0,0,0,0,0,0,0,0,0,0,0,0,0,0,0,0,0,0,0,0,0,0,0,0,0,0,0,0,0,0,0,0,0,0,0,0,0,0,0,0,0,0,0,0,0,0,0,0,0,0,0,0,0,0,0,0,0,0,0,0,0,0,0,0,46,154,154,154,27,0,0,0,0,0,0,0,0,0,0,0,0,0,0,0,0,0,0,0,0,0,3,68,226,254,254,254,216,0,0,0,0,0,0,0,0,0,0,41,190,69,0,0,0,0,0,0,0,0,46,254,254,254,254,254,254,0,0,0,0,0,0,0,0,0,0,151,254,238,24,0,0,0,0,0,0,0,228,254,254,254,254,254,254,0,0,0,0,0,0,0,0,0,16,207,254,254,29,0,0,0,0,0,0,0,250,254,254,254,254,254,149,0,0,0,0,0,0,0,0,0,95,254,254,166,2,0,0,0,0,0,0,0,250,254,254,254,254,252,22,0,0,0,0,0,0,0,0,2,164,254,254,47,0,0,0,0,0,0,0,0,250,254,254,254,254,87,0,0,0,0,0,0,0,0,0,18,254,254,209,18,0,0,0,0,0,0,0,0,250,254,254,254,182,13,0,0,0,0,0,0,0,0,0,18,254,254,155,0,0,0,0,0,0,0,0,27,251,255,254,239,41,0,0,0,0,0,0,0,0,0,0,55,254,254,65,0,0,0,0,0,0,0,29,211,254,254,254,98,0,0,0,0,0,0,0,0,0,0,0,137,254,254,65,0,0,0,0,0,67,187,229,254,254,254,254,170,0,0,0,0,0,0,0,0,0,0,0,192,254,254,148,114,114,8,114,188,248,254,254,254,254,254,254,218,24,0,0,0,0,0,0,0,0,0,0,131,254,254,254,254,254,250,254,254,254,251,243,243,65,145,254,254,114,0,0,0,0,0,0,0,0,0,0,8,178,225,247,254,254,254,254,250,225,102,0,0,0,27,244,254,220,21,0,0,0,0,0,0,0,0,0,0,0,0,66,89,89,89,89,74,0,0,0,0,0,0,80,241,254,57,0,0,0,0,0,0,0,0,0,0,0,0,0,0,0,0,0,0,0,0,0,0,0,0,0,154,254,179,35,0,0,0,0,0,0,0,0,0,0,0,0,0,0,0,0,0,0,0,0,0,0,0,0,14,174,254,135,0,0,0,0,0,0,0,0,0,0,0,0,0,0,0,0,0,0,0,0,0,0,0,0,0,12,82,82,0,0,0,0,0,0,0,0,0,0,0,0,0,0,0,0,0,0,0,0,0,0,0,0,0,0,0,0,0,0,0,0,0,0,0,0,0,0,0,0,0,0,0,0,0,0,0,0,0,0,0,0,0,0,0,0,0,0,0,0,0,0,0,0,0,0,0,0,0,0,0,0,0,0,0,0,0,0,0,0,0,0,0,0,0,0,0,0,0,0,0,0,0,0,0,0,0,0,0,0,0,0,0,0,0,0,0,0,0,0,0,0,0,0,0,0,0
4,0,0,0,0,0,0,0,0,0,0,0,0,0,0,0,0,0,0,0,0,0,0,0,0,0,0,0,0,0,0,0,0,0,0,0,0,0,0,0,0,0,0,0,0,0,0,0,0,0,0,0,0,0,0,0,0,0,0,0,0,0,0,0,0,0,0,0,0,0,0,0,0,0,0,0,0,0,0,0,0,0,0,0,0,0,0,0,0,0,0,0,0,0,0,0,0,0,0,0,0,0,0,0,0,0,0,0,0,0,0,0,0,0,0,0,0,0,0,0,0,0,0,0,0,0,0,0,0,0,0,0,0,0,0,0,0,0,0,0,0,0,0,0,0,0,0,0,0,0,0,0,0,0,0,0,24,0,0,0,0,0,0,0,0,0,0,0,0,0,0,0,0,0,0,0,6,37,37,72,157,157,157,157,250,85,0,0,0,0,0,0,0,0,0,0,0,0,0,0,0,0,3,61,182,253,253,253,253,253,253,253,254,234,19,0,0,0,0,0,0,0,0,0,0,0,0,0,0,0,10,227,253,253,253,253,253,253,253,253,254,253,183,0,0,0,0,0,0,0,0,0,0,0,0,0,0,0,0,35,180,253,253,253,253,253,253,253,254,253,217,0,0,0,0,0,0,0,0,0,0,0,0,0,0,0,0,0,30,128,168,168,168,201,253,253,254,253,176,0,0,0,0,0,0,0,0,0,0,0,0,0,0,0,0,0,0,0,0,0,0,143,253,253,254,253,96,0,0,0,0,0,0,0,0,0,0,0,0,0,0,0,0,0,0,0,0,0,0,160,253,253,254,231,9,0,0,0,0,0,0,0,0,0,0,0,0,0,0,0,0,0,0,0,0,0,41,235,253,253,254,171,0,0,0,0,0,0,0,0,0,0,0,0,0,0,0,0,0,0,0,0,0,0,51,238,254,254,249,52,0,0,0,10,53,88,13,7,0,0,0,0,0,0,0,0,0,0,0,0,0,0,136,253,253,253,249,145,71,25,112,228,253,253,253,202,0,0,0,0,0,0,0,0,0,0,0,0,0,11,167,253,253,253,254,253,253,253,253,253,253,253,253,253,0,0,0,0,0,0,0,0,0,5,49,72,169,194,253,253,253,253,255,253,253,253,253,253,253,211,205,147,0,0,0,0,0,0,0,0,67,188,253,253,253,253,253,253,253,253,254,253,253,253,253,236,152,10,0,0,0,0,0,0,0,0,0,0,254,253,253,253,253,253,253,253,187,180,118,72,226,253,172,43,0,0,0,0,0,0,0,0,0,0,0,0,214,253,253,253,233,168,168,123,5,0,0,20,223,145,14,0,0,0,0,0,0,0,0,0,0,0,0,0,25,165,253,188,62,0,0,0,0,0,0,4,31,0,0,0,0,0,0,0,0,0,0,0,0,0,0,0,0,3,24,8,0,0,0,0,0,0,0,0,0,0,0,0,0,0,0,0,0,0,0,0,0,0,0,0,0,0,0,0,0,0,0,0,0,0,0,0,0,0,0,0,0,0,0,0,0,0,0,0,0,0,0,0,0,0,0,0,0,0,0,0,0,0,0,0,0,0,0,0,0,0,0,0,0,0,0,0,0,0,0,0,0,0,0,0,0,0,0,0,0,0,0,0,0,0,0,0,0,0,0,0,0,0,0,0,0,0,0,0,0,0,0,0,0,0,0,0,0,0,0,0,0,0,0,0,0,0,0,0,0,0,0,0,0,0,0,0,0,0,0,0,0,0,0,0,0,0,0,0,0,0,0,0,0,0,0,0,0,0,0
6,0,0,0,0,0,0,0,0,0,0,0,0,0,0,0,0,0,0,0,0,0,0,0,0,0,0,0,0,0,0,0,0,0,0,0,0,0,0,0,0,0,0,0,0,0,0,0,0,0,0,0,0,0,0,0,0,0,0,0,0,0,0,0,0,0,0,0,0,0,0,0,0,0,0,0,0,0,0,0,0,0,0,0,0,0,0,0,0,0,0,0,0,0,0,0,0,0,0,0,0,0,0,0,0,0,0,0,0,0,0,0,0,0,0,0,0,0,0,0,0,0,0,0,0,0,0,0,0,0,0,0,0,0,0,0,0,0,0,0,0,0,0,0,0,0,0,0,0,0,0,0,0,0,0,0,0,0,0,0,0,0,0,0,0,0,0,0,0,0,0,0,0,0,0,0,0,0,0,0,0,0,0,0,0,0,0,0,0,0,0,0,0,0,0,0,0,0,0,0,0,0,0,0,0,0,0,0,0,0,0,0,0,0,0,0,0,0,0,0,0,0,0,0,0,0,0,0,0,0,0,0,0,30,37,146,157,158,157,140,37,28,0,0,0,0,0,0,0,0,0,0,0,0,0,0,0,0,33,78,169,238,253,253,253,254,253,253,253,233,135,33,0,0,0,0,0,0,0,0,0,0,0,0,6,79,230,253,253,253,253,253,253,254,253,253,253,253,253,229,55,0,0,0,0,0,0,0,0,0,0,45,199,253,253,236,146,60,60,60,60,60,60,60,60,89,236,253,231,111,0,0,0,0,0,0,0,0,0,174,253,200,168,71,0,0,0,0,0,0,0,0,0,0,72,237,253,233,9,0,0,0,0,0,0,0,0,254,253,96,0,0,0,0,0,0,0,0,0,0,0,0,28,224,253,253,116,0,0,0,0,0,0,0,0,93,253,206,0,0,0,0,0,0,0,0,0,0,0,165,237,253,253,253,132,0,0,0,0,0,0,0,0,1,11,10,0,0,0,0,0,0,0,0,0,18,144,250,253,253,253,253,248,0,0,0,0,0,0,0,0,0,0,0,0,0,0,0,0,0,0,1,82,209,254,246,116,0,213,254,254,0,0,0,0,0,0,0,0,0,0,0,0,0,0,0,0,0,0,82,253,253,214,31,0,0,166,253,242,0,0,0,0,0,0,0,0,0,0,0,0,0,0,0,0,0,76,209,253,231,32,0,0,53,240,253,132,0,0,0,0,0,0,0,0,0,0,0,0,0,0,0,0,0,202,254,253,136,0,0,14,175,253,232,49,0,0,0,0,0,0,0,0,0,0,0,0,0,0,0,0,0,155,254,253,96,0,0,102,253,253,116,0,0,0,0,0,0,0,0,0,0,0,0,0,0,0,0,0,0,29,220,253,216,194,194,239,253,144,6,0,0,0,0,0,0,0,0,0,0,0,0,0,0,0,0,0,0,0,31,217,253,253,253,188,128,7,0,0,0,0,0,0,0,0,0,0,0,0,0,0,0,0,0,0,0,0,0,21,111,156,128,9,0,0,0,0,0,0,0,0,0,0,0,0,0,0,0,0,0,0,0,0,0,0,0,0,0,0,0,0,0,0,0,0,0,0,0,0,0,0,0,0,0,0,0,0,0,0,0,0,0,0,0,0,0,0,0,0,0,0,0,0,0,0,0,0,0,0,0,0,0,0,0,0,0,0,0,0,0,0,0,0,0,0,0,0,0,0,0,0,0,0,0,0,0,0,0,0,0,0,0,0,0,0,0,0,0,0,0,0,0,0,0,0,0,0,0,0,0,0,0,0,0,0
6,0,0,0,0,0,0,0,0,0,0,0,0,0,0,0,0,0,0,0,0,0,0,0,0,0,0,0,0,0,0,0,0,0,0,0,0,0,0,0,0,0,0,0,0,0,0,0,0,0,0,0,0,0,0,0,0,0,0,0,0,0,0,0,0,0,0,0,0,0,0,0,0,0,0,0,0,0,0,0,0,0,0,0,0,0,0,0,0,0,0,0,0,0,0,0,0,0,0,0,0,0,0,0,0,0,0,0,0,0,0,0,0,0,0,0,0,0,0,0,0,0,0,0,0,0,0,0,0,0,0,0,0,0,0,0,0,0,0,0,0,0,0,0,0,0,0,0,0,0,0,0,0,0,0,0,0,0,0,0,0,0,0,0,0,0,0,0,0,0,0,0,0,0,0,0,0,0,0,0,0,0,0,0,0,0,0,0,0,0,0,0,0,0,0,0,0,0,0,0,0,0,0,0,0,0,0,0,0,0,0,0,0,0,0,0,0,0,0,0,0,0,0,0,0,0,0,0,0,0,0,0,0,0,0,0,0,0,0,0,0,0,0,0,0,0,0,0,0,0,0,0,0,0,0,0,0,0,0,0,0,0,0,0,0,23,180,195,195,195,99,15,0,0,0,0,0,0,0,0,0,0,0,0,0,0,0,0,0,0,19,149,194,255,254,254,254,254,255,208,127,5,0,0,0,0,0,0,0,0,0,0,0,0,0,0,5,103,196,253,253,174,135,135,135,150,254,253,253,110,0,0,0,0,0,0,0,0,0,0,0,0,0,31,119,253,228,174,100,0,0,0,88,235,254,253,253,241,41,0,0,0,0,0,0,0,0,0,0,0,52,219,254,212,43,0,0,0,0,88,251,237,154,124,241,253,163,0,0,0,0,0,0,0,0,0,0,99,248,253,171,9,0,0,0,0,53,235,253,118,0,0,175,253,253,0,0,0,0,0,0,0,0,14,186,254,244,45,0,0,0,0,0,0,215,254,154,0,0,13,224,254,254,0,0,0,0,0,0,0,0,141,253,171,40,0,0,0,0,0,0,50,247,216,25,0,0,20,253,253,253,0,0,0,0,0,0,0,0,224,253,115,0,0,0,0,0,0,0,97,253,107,0,0,0,20,253,253,222,0,0,0,0,0,0,0,0,79,117,36,0,0,0,0,0,0,0,59,253,172,136,136,137,183,253,216,94,0,0,0,0,0,0,0,0,0,0,0,0,0,0,0,0,0,0,14,185,253,253,253,254,245,126,5,0,0,0,0,0,0,0,0,0,0,0,0,0,0,0,0,0,0,0,0,0,68,173,98,23,53,0,0,0,0,0,0,0,0,0,0,0,0,0,0,0,0,0,0,0,0,0,0,0,0,0,0,0,0,0,0,0,0,0,0,0,0,0,0,0,0,0,0,0,0,0,0,0,0,0,0,0,0,0,0,0,0,0,0,0,0,0,0,0,0,0,0,0,0,0,0,0,0,0,0,0,0,0,0,0,0,0,0,0,0,0,0,0,0,0,0,0,0,0,0,0,0,0,0,0,0,0,0,0,0,0,0,0,0,0,0,0,0,0,0,0,0,0,0,0,0,0,0,0,0,0,0,0,0,0,0,0,0,0,0,0,0,0,0,0,0,0,0,0,0,0,0,0,0,0,0,0,0,0,0,0,0,0,0,0,0,0,0,0,0,0,0,0,0,0,0,0,0,0,0,0,0,0,0,0,0,0,0,0,0,0,0,0,0,0,0,0,0,0,0,0,0,0,0,0,0,0,0,0,0,0
9,0,0,0,0,0,0,0,0,0,0,0,0,0,0,0,0,0,0,0,0,0,0,0,0,0,0,0,0,0,0,0,0,0,0,0,0,0,0,0,0,0,0,0,0,0,0,0,0,0,0,0,0,0,0,0,0,0,0,0,0,0,0,0,0,0,0,0,0,0,0,0,0,0,0,0,0,0,0,0,0,0,0,0,0,0,0,0,0,0,0,0,0,0,0,0,0,0,0,0,0,0,0,0,0,0,0,0,0,0,0,0,0,0,0,0,0,0,0,0,0,0,0,0,0,0,0,0,0,0,0,0,0,0,0,0,0,0,0,0,0,0,0,0,0,0,0,0,0,0,0,0,0,0,0,0,0,0,0,0,0,0,0,0,0,0,0,0,0,0,0,0,0,0,0,0,0,0,1,6,6,73,114,61,6,2,0,0,0,0,0,0,0,0,0,0,0,0,0,0,0,0,0,0,0,1,126,253,253,253,253,253,253,133,3,0,0,0,0,0,0,0,0,0,0,0,0,0,0,0,0,0,57,191,253,253,253,238,235,253,253,253,97,0,0,0,0,0,0,0,0,0,0,0,0,0,0,0,0,2,176,253,253,250,141,22,21,126,211,253,174,0,0,0,0,0,0,0,0,0,0,0,0,0,0,0,0,38,253,253,245,139,0,0,0,0,96,253,245,54,0,0,0,0,0,0,0,0,0,0,0,0,0,0,0,122,253,253,210,0,0,0,0,0,55,253,253,86,0,0,0,0,0,0,0,0,0,0,0,0,0,0,0,246,253,253,111,0,0,0,0,2,159,253,252,81,0,0,0,0,0,0,0,0,0,0,0,0,0,0,0,255,253,250,37,0,0,0,0,40,253,253,232,0,0,0,0,0,0,0,0,0,0,0,0,0,0,0,0,255,253,248,0,0,0,0,32,171,253,253,192,0,0,0,0,0,0,0,0,0,0,0,0,0,0,0,0,245,253,253,155,15,0,14,193,253,253,253,22,0,0,0,0,0,0,0,0,0,0,0,0,0,0,0,0,121,253,253,253,226,76,221,253,253,253,214,65,21,23,72,168,168,168,168,97,0,0,0,0,0,0,0,0,8,155,253,253,253,253,253,253,253,253,253,253,222,224,253,253,253,253,253,233,0,0,0,0,0,0,0,0,0,3,105,187,253,253,253,253,253,253,253,253,235,226,123,192,237,253,253,242,0,0,0,0,0,0,0,0,0,0,0,14,116,219,253,253,253,240,188,87,28,0,0,0,33,81,81,46,0,0,0,0,0,0,0,0,0,0,0,0,0,25,150,230,159,73,0,0,0,0,0,0,0,0,0,0,0,0,0,0,0,0,0,0,0,0,0,0,0,0,0,4,1,0,0,0,0,0,0,0,0,0,0,0,0,0,0,0,0,0,0,0,0,0,0,0,0,0,0,0,0,0,0,0,0,0,0,0,0,0,0,0,0,0,0,0,0,0,0,0,0,0,0,0,0,0,0,0,0,0,0,0,0,0,0,0,0,0,0,0,0,0,0,0,0,0,0,0,0,0,0,0,0,0,0,0,0,0,0,0,0,0,0,0,0,0,0,0,0,0,0,0,0,0,0,0,0,0,0,0,0,0,0,0,0,0,0,0,0,0,0,0,0,0,0,0,0,0,0,0,0,0,0,0,0,0,0,0,0,0,0,0,0,0,0,0,0,0,0,0,0,0,0,0,0,0,0,0,0,0,0,0,0,0,0,0,0,0,0,0,0,0,0,0,0,0,0,0,0,0,0,0,0,0
0,0,0,0,0,0,0,0,0,0,0,0,0,0,0,0,0,0,0,0,0,0,0,0,0,0,0,0,0,0,0,0,0,0,0,0,0,0,0,0,0,0,0,0,0,0,0,0,0,0,0,0,0,0,0,0,0,0,0,0,0,0,0,0,0,0,0,0,0,0,0,0,0,0,0,0,0,0,0,0,0,0,0,0,0,0,0,0,0,0,0,0,0,0,0,0,0,0,0,0,0,0,0,0,0,0,0,0,0,0,0,0,0,0,0,0,0,0,0,0,0,0,0,0,0,0,0,0,0,0,0,0,0,0,0,0,0,0,0,0,0,0,0,0,0,0,0,0,0,0,0,0,0,0,0,0,0,0,0,0,0,0,0,0,0,0,0,0,0,0,0,0,0,0,0,0,0,0,0,0,0,0,0,0,0,51,55,32,0,0,0,0,0,0,0,0,0,0,0,0,0,0,0,0,0,0,0,0,21,37,76,159,186,250,253,231,62,27,0,0,0,0,0,0,0,0,0,0,0,0,0,0,0,0,0,45,224,253,253,253,254,253,253,253,253,212,109,22,0,0,0,0,0,0,0,0,0,0,0,0,0,0,98,254,253,253,253,253,228,78,72,85,253,254,253,139,20,0,0,0,0,0,0,0,0,0,0,0,0,135,254,255,254,159,0,0,0,0,0,0,0,170,254,254,144,0,0,0,0,0,0,0,0,0,0,0,137,249,253,254,130,9,0,0,0,0,0,0,0,5,101,253,228,0,0,0,0,0,0,0,0,0,0,41,203,253,207,36,3,0,0,0,0,0,0,0,0,0,8,222,250,62,0,0,0,0,0,0,0,0,38,224,253,167,35,0,0,0,0,0,0,0,0,0,0,0,0,178,253,72,0,0,0,0,0,0,0,0,195,253,227,41,0,0,0,0,0,0,0,0,0,0,0,0,0,128,253,169,0,0,0,0,0,0,0,0,228,254,208,151,0,0,0,0,0,0,0,0,0,0,0,0,0,218,254,105,0,0,0,0,0,0,0,0,64,249,253,182,0,0,0,0,0,0,0,0,0,0,0,0,51,238,249,57,0,0,0,0,0,0,0,0,82,212,112,21,0,0,0,0,0,0,0,0,0,0,0,0,158,253,189,0,0,0,0,0,0,0,0,0,156,253,213,103,6,0,0,0,0,0,0,0,0,0,40,167,249,231,83,0,0,0,0,0,0,0,0,0,21,208,253,246,79,0,0,0,0,0,0,0,0,40,181,254,233,49,0,0,0,0,0,0,0,0,0,0,0,20,205,254,189,106,5,0,0,0,0,42,119,234,254,234,110,0,0,0,0,0,0,0,0,0,0,0,0,0,9,63,237,254,152,68,61,113,55,233,253,253,181,13,0,0,0,0,0,0,0,0,0,0,0,0,0,0,0,0,58,185,224,247,232,240,243,216,171,55,11,0,0,0,0,0,0,0,0,0,0,0,0,0,0,0,0,0,0,0,12,46,24,35,39,0,0,0,0,0,0,0,0,0,0,0,0,0,0,0,0,0,0,0,0,0,0,0,0,0,0,0,0,0,0,0,0,0,0,0,0,0,0,0,0,0,0,0,0,0,0,0,0,0,0,0,0,0,0,0,0,0,0,0,0,0,0,0,0,0,0,0,0,0,0,0,0,0,0,0,0,0,0,0,0,0,0,0,0,0,0,0,0,0,0,0,0,0,0,0,0,0,0,0,0,0,0,0,0,0,0,0,0,0,0,0,0,0,0,0,0,0,0,0,0,0,0,0,0
5,0,0,0,0,0,0,0,0,0,0,0,0,0,0,0,0,0,0,0,0,0,0,0,0,0,0,0,0,0,0,0,0,0,0,0,0,0,0,0,0,0,0,0,0,0,0,0,0,0,0,0,0,0,0,0,0,0,0,0,0,0,0,0,0,0,0,0,0,0,0,0,0,0,0,0,0,0,0,0,0,0,0,0,0,0,0,0,0,0,0,0,0,0,0,0,0,0,0,0,0,0,0,0,0,0,0,0,0,0,0,0,0,0,0,0,0,0,0,0,0,0,0,0,0,0,0,0,0,0,0,0,0,0,0,0,0,0,0,0,0,0,0,0,0,0,0,0,0,0,0,42,141,54,4,0,0,0,0,0,0,0,0,0,0,0,0,0,0,0,0,0,0,0,0,0,0,0,26,254,253,253,28,0,0,0,0,0,0,0,0,0,0,0,0,0,0,0,0,0,0,0,0,0,0,67,223,255,253,253,28,0,0,0,0,0,0,0,0,73,198,160,10,0,0,0,0,0,0,0,0,0,102,235,253,191,216,253,28,0,0,0,0,0,0,0,0,4,128,253,128,0,0,0,0,0,0,0,0,0,170,255,191,0,170,254,28,0,0,0,0,0,0,0,0,0,57,254,204,0,0,0,0,0,0,0,0,0,170,253,216,51,95,253,53,0,0,0,0,0,0,0,0,0,82,253,253,0,0,0,0,0,0,0,0,23,235,253,253,226,57,253,178,0,0,0,0,0,0,0,0,0,169,253,215,0,0,0,0,0,0,0,0,4,178,253,203,25,32,229,253,51,0,0,0,0,0,0,0,26,244,253,140,0,0,0,0,0,0,0,0,0,170,254,78,0,0,135,254,127,0,0,0,0,0,0,0,205,254,245,25,0,0,0,0,0,0,0,0,7,188,253,28,0,0,67,247,245,57,0,0,0,0,0,76,254,253,143,0,0,0,0,0,0,0,0,0,29,253,187,6,0,0,0,138,254,172,0,0,0,0,67,223,254,209,13,0,0,0,0,0,0,0,0,0,29,253,168,0,0,0,0,63,254,247,138,13,0,26,210,253,242,59,0,0,0,0,0,0,0,0,0,0,92,254,169,0,0,0,0,0,129,254,254,104,92,217,254,254,151,0,0,0,0,0,0,0,0,0,0,0,141,253,168,0,0,0,0,0,10,172,253,253,254,253,253,152,0,0,0,0,0,0,0,0,0,0,0,0,141,253,81,0,0,0,0,0,0,13,94,206,254,253,99,6,0,0,0,0,0,0,0,0,0,0,0,0,141,253,56,0,0,0,0,0,0,0,0,13,78,28,6,0,0,0,0,0,0,0,0,0,0,0,0,0,243,254,78,4,0,0,0,0,0,0,0,0,0,0,0,0,0,0,0,0,0,0,0,0,0,0,0,0,217,253,253,78,0,0,0,0,0,0,0,0,0,0,0,0,0,0,0,0,0,0,0,0,0,0,0,0,217,253,225,19,0,0,0,0,0,0,0,0,0,0,0,0,0,0,0,0,0,0,0,0,0,0,0,0,79,140,43,0,0,0,0,0,0,0,0,0,0,0,0,0,0,0,0,0,0,0,0,0,0,0,0,0,0,0,0,0,0,0,0,0,0,0,0,0,0,0,0,0,0,0,0,0,0,0,0,0,0,0,0,0,0,0,0,0,0,0,0,0,0,0,0,0,0,0,0,0,0,0,0,0,0,0,0,0,0,0,0,0,0,0,0,0,0,0,0,0,0,0,0,0,0,0,0,0,0,0,0,0,0,0
4,0,0,0,0,0,0,0,0,0,0,0,0,0,0,0,0,0,0,0,0,0,0,0,0,0,0,0,0,0,0,0,0,0,0,0,0,0,0,0,0,0,0,0,0,0,0,0,0,0,0,0,0,0,0,0,0,0,0,0,0,0,0,0,0,0,0,0,0,0,0,0,0,0,0,0,0,0,0,0,0,0,0,0,0,0,0,0,0,0,0,0,0,0,0,0,0,0,0,5,147,214,54,0,0,0,0,0,0,0,0,0,0,0,0,0,0,0,0,0,0,0,0,0,0,0,0,89,253,253,49,0,0,0,0,0,0,0,0,0,0,0,0,0,0,0,0,0,0,0,0,0,0,0,53,246,253,253,26,0,0,0,0,0,0,0,0,0,0,0,0,0,0,0,0,0,0,0,0,0,0,0,135,254,253,253,19,0,0,0,0,0,0,0,0,0,0,0,0,0,0,0,0,0,85,194,156,156,156,246,254,255,254,223,12,0,0,0,0,0,0,0,0,0,0,0,0,0,0,0,0,0,174,253,254,253,253,253,207,163,253,247,18,0,0,0,0,0,0,0,0,0,0,0,0,0,0,0,0,0,42,78,175,180,228,159,48,41,241,199,6,0,0,0,0,0,0,0,0,0,0,0,0,0,0,0,0,0,0,0,0,2,13,0,0,10,220,253,19,0,0,0,0,0,0,0,0,0,0,0,0,0,0,0,0,0,0,0,0,0,0,0,0,36,238,253,95,0,0,0,0,0,0,0,0,0,0,0,0,0,0,0,0,0,0,0,0,0,0,0,0,0,215,254,57,0,0,0,0,0,0,0,0,0,0,0,0,0,0,0,0,0,0,0,0,0,0,0,0,0,214,253,64,0,0,0,0,0,0,0,0,0,0,0,0,0,0,0,0,0,0,0,0,0,0,0,0,0,214,253,79,0,0,0,0,0,0,0,0,0,0,0,0,0,0,0,0,0,0,0,0,0,0,0,0,0,214,253,79,0,0,0,0,0,0,0,0,0,0,0,0,0,0,0,0,0,0,0,0,0,0,0,0,0,214,253,169,98,99,98,68,0,0,0,0,0,0,0,0,0,0,0,0,0,0,23,37,59,59,149,156,156,239,254,254,254,255,254,223,156,96,0,0,0,0,0,0,0,0,80,162,214,214,229,239,253,253,253,253,254,253,253,253,253,254,253,253,253,223,0,0,0,0,0,0,0,0,223,253,253,253,253,254,253,253,253,253,254,186,174,174,174,175,174,174,174,40,0,0,0,0,0,0,0,0,57,213,213,124,117,95,19,19,19,19,19,3,0,0,0,0,0,0,0,0,0,0,0,0,0,0,0,0,0,0,0,0,0,0,0,0,0,0,0,0,0,0,0,0,0,0,0,0,0,0,0,0,0,0,0,0,0,0,0,0,0,0,0,0,0,0,0,0,0,0,0,0,0,0,0,0,0,0,0,0,0,0,0,0,0,0,0,0,0,0,0,0,0,0,0,0,0,0,0,0,0,0,0,0,0,0,0,0,0,0,0,0,0,0,0,0,0,0,0,0,0,0,0,0,0,0,0,0,0,0,0,0,0,0,0,0,0,0,0,0,0,0,0,0,0,0,0,0,0,0,0,0,0,0,0,0,0,0,0,0,0,0,0,0,0,0,0,0,0,0,0,0,0,0,0,0,0,0,0,0,0,0,0,0,0,0,0,0,0,0,0,0,0,0,0,0,0,0,0,0,0,0,0,0,0,0,0,0,0,0,0,0,0,0,0,0,0,0,0,0
8,0,0,0,0,0,0,0,0,0,0,0,0,0,0,0,0,0,0,0,0,0,0,0,0,0,0,0,0,0,0,0,0,0,0,0,0,0,0,0,0,0,0,0,0,0,0,0,0,0,0,0,0,0,0,0,0,0,0,0,0,0,0,0,0,0,0,0,0,0,0,0,0,0,0,0,0,0,0,0,0,0,0,0,0,0,0,0,0,0,0,0,0,0,0,0,0,0,0,0,0,0,0,0,0,0,0,0,0,0,0,0,0,0,0,0,0,0,0,0,0,0,0,0,0,0,0,0,0,0,0,0,0,0,0,0,0,0,0,0,0,0,0,0,0,0,0,0,0,0,0,0,0,0,0,0,0,0,0,0,0,0,0,0,0,0,0,0,0,0,0,0,0,0,0,0,0,0,0,0,0,0,0,0,0,0,0,0,0,67,79,36,0,0,0,0,0,0,0,0,0,0,0,0,0,0,0,0,0,0,0,0,0,0,7,40,197,250,253,227,47,0,0,0,0,0,0,0,0,0,0,0,0,0,0,0,0,0,0,0,0,0,152,253,254,253,253,253,230,0,0,0,0,0,0,0,0,0,0,0,0,0,0,0,0,0,0,0,0,102,254,254,218,68,79,254,254,0,0,0,0,0,0,0,0,0,0,0,0,8,8,0,0,0,0,0,108,241,250,121,15,0,18,238,253,0,0,0,0,0,0,0,0,0,0,0,43,183,206,175,175,138,71,41,241,253,116,0,0,0,79,253,222,0,0,0,0,0,0,0,0,0,0,58,237,253,254,253,253,253,245,164,253,195,9,0,0,0,168,253,103,0,0,0,0,0,0,0,0,0,53,235,253,139,58,66,223,253,253,254,207,48,0,0,0,8,205,253,58,0,0,0,0,0,0,0,0,0,178,254,131,0,0,35,224,254,254,255,201,41,0,0,0,103,254,192,0,0,0,0,0,0,0,0,0,50,247,216,10,0,0,125,253,245,253,238,253,241,72,20,43,232,253,109,0,0,0,0,0,0,0,0,0,127,253,107,0,0,102,241,253,185,192,18,226,253,253,253,254,253,168,6,0,0,0,0,0,0,0,0,0,209,253,78,0,31,254,253,253,231,27,0,24,146,250,253,244,124,6,0,0,0,0,0,0,0,0,0,0,178,253,115,53,217,254,200,193,138,0,0,0,0,54,58,45,0,0,0,0,0,0,0,0,0,0,0,0,134,254,254,254,254,218,57,146,8,0,0,0,0,0,0,0,0,0,0,0,0,0,0,0,0,0,0,0,9,167,253,253,200,30,3,27,0,0,0,0,0,0,0,0,0,0,0,0,0,0,0,0,0,0,0,0,0,6,78,78,18,0,0,0,0,0,0,0,0,0,0,0,0,0,0,0,0,0,0,0,0,0,0,0,0,0,0,0,0,0,0,0,0,0,0,0,0,0,0,0,0,0,0,0,0,0,0,0,0,0,0,0,0,0,0,0,0,0,0,0,0,0,0,0,0,0,0,0,0,0,0,0,0,0,0,0,0,0,0,0,0,0,0,0,0,0,0,0,0,0,0,0,0,0,0,0,0,0,0,0,0,0,0,0,0,0,0,0,0,0,0,0,0,0,0,0,0,0,0,0,0,0,0,0,0,0,0,0,0,0,0,0,0,0,0,0,0,0,0,0,0,0,0,0,0,0,0,0,0,0,0,0,0,0,0,0,0,0,0,0,0,0,0,0,0,0,0,0,0,0,0,0,0,0,0,0,0,0,0,0,0,0,0,0,0,0,0,0
3,0,0,0,0,0,0,0,0,0,0,0,0,0,0,0,0,0,0,0,0,0,0,0,0,0,0,0,0,0,0,0,0,0,0,0,0,0,0,0,0,0,0,0,0,0,0,0,0,0,0,0,0,0,0,0,0,0,0,0,0,0,0,0,0,0,0,0,0,0,0,0,0,0,0,0,0,0,0,0,0,0,0,0,0,0,0,0,0,0,0,0,0,0,0,0,0,0,0,0,0,0,0,0,0,0,0,0,0,0,0,0,0,0,0,0,0,0,0,0,0,0,0,0,0,0,0,0,0,0,0,0,0,0,0,0,0,0,0,0,0,0,0,0,0,0,0,0,0,0,0,0,0,0,0,0,0,0,0,0,0,0,0,0,0,0,0,0,0,0,0,0,0,0,0,0,0,0,0,0,0,0,0,0,0,0,0,0,0,0,0,0,0,0,0,0,0,0,0,0,0,0,0,0,0,0,0,0,0,0,0,0,0,0,0,0,0,0,0,0,0,0,0,0,0,0,0,0,0,0,0,0,0,0,0,0,0,0,0,0,0,0,0,0,0,0,0,0,0,0,0,0,0,0,0,0,0,0,131,70,0,0,0,0,0,0,0,0,0,0,0,0,0,0,0,0,90,21,0,0,0,0,0,0,0,0,254,192,0,0,0,0,0,73,138,16,0,0,0,0,0,0,0,86,249,240,0,0,0,0,0,0,0,0,254,198,0,0,0,0,28,222,253,162,0,0,0,0,0,0,0,36,233,253,0,0,0,0,0,0,0,0,215,198,0,0,0,12,166,253,253,253,111,0,0,0,0,0,0,82,253,246,0,0,0,0,0,0,0,0,163,198,0,0,33,228,253,207,168,253,207,7,0,0,0,0,72,243,253,129,0,0,0,0,0,0,0,0,163,234,86,80,228,255,238,58,0,156,255,134,0,0,27,99,247,254,209,0,0,0,0,0,0,0,0,0,143,253,253,253,253,238,59,0,0,7,234,249,113,61,183,254,253,245,81,0,0,0,0,0,0,0,0,0,63,237,253,253,227,91,0,0,0,0,75,237,253,253,253,254,245,121,0,0,0,0,0,0,0,0,0,0,0,51,144,137,16,0,0,0,0,0,0,70,244,253,253,242,87,0,0,0,0,0,0,0,0,0,0,0,0,0,0,0,0,0,0,0,0,0,0,0,36,143,98,26,0,0,0,0,0,0,0,0,0,0,0,0,0,0,0,0,0,0,0,0,0,0,0,0,0,0,0,0,0,0,0,0,0,0,0,0,0,0,0,0,0,0,0,0,0,0,0,0,0,0,0,0,0,0,0,0,0,0,0,0,0,0,0,0,0,0,0,0,0,0,0,0,0,0,0,0,0,0,0,0,0,0,0,0,0,0,0,0,0,0,0,0,0,0,0,0,0,0,0,0,0,0,0,0,0,0,0,0,0,0,0,0,0,0,0,0,0,0,0,0,0,0,0,0,0,0,0,0,0,0,0,0,0,0,0,0,0,0,0,0,0,0,0,0,0,0,0,0,0,0,0,0,0,0,0,0,0,0,0,0,0,0,0,0,0,0,0,0,0,0,0,0,0,0,0,0,0,0,0,0,0,0,0,0,0,0,0,0,0,0,0,0,0,0,0,0,0,0,0,0,0,0,0,0,0,0,0,0,0,0,0,0,0,0,0,0,0,0,0,0,0,0,0,0,0,0,0,0,0,0,0,0,0,0,0,0,0,0,0,0,0,0,0,0,0,0,0,0,0,0,0,0,0,0,0,0,0,0,0
5,0,0,0,0,0,0,0,0,0,0,0,0,0,0,0,0,0,0,0,0,0,0,0,0,0,0,0,0,0,0,0,0,0,0,0,0,0,0,0,0,0,0,0,0,0,0,0,0,0,0,0,0,0,0,0,0,0,0,0,0,0,0,0,0,0,0,0,0,0,0,0,0,0,0,0,0,0,0,0,0,0,0,0,0,0,0,0,0,0,0,0,0,0,0,0,0,0,0,0,0,0,0,0,0,0,0,0,0,0,0,0,0,0,0,0,0,0,0,0,0,0,0,0,0,0,0,0,0,0,0,0,0,0,0,0,0,0,0,0,0,0,0,0,0,0,0,0,0,0,0,0,0,0,0,0,0,0,0,0,0,0,0,0,0,0,0,0,0,0,0,0,0,0,0,0,133,226,226,128,94,35,0,0,0,0,0,0,0,0,0,0,0,0,0,0,0,0,0,0,0,0,0,91,248,252,252,252,252,213,81,81,0,0,0,0,0,0,0,0,0,0,0,0,0,0,0,0,0,0,0,212,252,252,252,252,252,252,252,252,36,0,0,0,0,15,158,109,0,0,0,0,0,0,0,0,0,0,0,240,202,161,104,66,96,252,252,252,158,3,0,0,0,14,193,245,177,0,0,0,0,0,0,0,0,0,0,240,252,239,44,0,41,252,252,252,234,11,0,0,0,0,173,252,241,19,0,0,0,0,0,0,0,0,0,240,252,172,0,0,41,252,252,252,146,2,0,0,0,0,173,252,252,132,0,0,0,0,0,0,0,0,64,246,252,172,0,0,19,203,252,252,183,6,0,0,0,32,219,252,252,252,0,0,0,0,0,0,0,0,64,246,252,102,0,0,19,203,252,252,197,7,0,0,0,54,252,252,252,252,0,0,0,0,0,0,0,0,255,253,253,110,0,0,0,161,253,253,191,6,0,0,0,187,253,253,253,120,0,0,0,0,0,0,0,0,183,252,252,39,0,0,0,104,252,252,253,139,0,0,0,186,252,252,246,69,0,0,0,0,0,0,0,0,253,252,252,39,0,0,0,17,213,252,253,241,23,0,110,245,252,252,238,0,0,0,0,0,0,0,0,0,140,252,252,39,0,0,0,0,105,252,253,252,217,213,244,252,252,252,238,0,0,0,0,0,0,0,0,0,121,252,252,165,14,0,0,0,10,185,253,252,252,252,252,252,252,245,106,0,0,0,0,0,0,0,0,0,121,252,252,252,53,0,0,0,0,0,129,249,252,252,252,252,243,108,0,0,0,0,0,0,0,0,0,0,38,79,198,246,53,0,0,0,0,0,0,76,128,246,220,212,108,0,0,0,0,0,0,0,0,0,0,0,0,0,0,78,20,0,0,0,0,0,0,0,0,78,20,0,0,0,0,0,0,0,0,0,0,0,0,0,0,0,0,0,0,0,0,0,0,0,0,0,0,0,0,0,0,0,0,0,0,0,0,0,0,0,0,0,0,0,0,0,0,0,0,0,0,0,0,0,0,0,0,0,0,0,0,0,0,0,0,0,0,0,0,0,0,0,0,0,0,0,0,0,0,0,0,0,0,0,0,0,0,0,0,0,0,0,0,0,0,0,0,0,0,0,0,0,0,0,0,0,0,0,0,0,0,0,0,0,0,0,0,0,0,0,0,0,0,0,0,0,0,0,0,0,0,0,0,0,0,0,0,0,0,0,0,0,0,0,0,0,0,0,0,0,0,0,0,0,0,0,0,0,0,0,0,0,0,0,0,0,0,0,0,0,0,0,0,0,0,0,0
5,0,0,0,0,0,0,0,0,0,0,0,0,0,0,0,0,0,0,0,0,0,0,0,0,0,0,0,0,0,0,0,0,0,0,0,0,0,0,0,0,0,0,0,0,0,0,0,0,0,0,0,0,0,0,0,0,0,0,0,0,0,0,0,0,0,0,0,0,0,0,0,0,0,0,0,0,0,0,0,0,0,0,0,0,0,0,0,0,0,0,0,0,0,0,0,0,0,0,0,0,0,0,0,0,0,0,0,0,0,0,0,0,0,0,0,0,0,0,0,0,0,0,0,0,0,0,0,0,0,0,0,0,0,0,0,0,0,0,0,0,0,0,0,0,0,0,0,0,0,0,0,0,0,0,0,0,0,0,0,0,0,0,0,0,0,0,0,0,0,0,0,0,0,0,0,0,0,0,0,0,0,0,0,0,0,0,0,0,0,0,0,0,0,0,0,0,0,0,0,0,0,0,0,0,0,55,154,24,36,30,0,0,0,0,0,0,0,0,0,0,0,0,0,0,0,0,0,0,0,0,0,0,0,169,253,215,253,240,144,13,0,0,0,0,0,125,171,104,0,0,0,0,0,0,0,0,0,0,0,0,20,220,253,253,253,253,253,92,0,0,0,0,0,96,253,228,13,0,0,0,0,0,0,0,0,0,0,0,72,253,253,253,253,253,253,239,33,0,0,0,0,12,211,253,114,0,0,0,0,0,0,0,0,0,0,0,176,253,253,94,29,66,253,253,91,0,0,0,0,0,201,253,135,0,0,0,0,0,0,0,0,0,0,27,221,253,253,11,0,22,216,253,205,12,0,0,0,0,201,253,193,0,0,0,0,0,0,0,0,0,0,65,253,253,182,5,0,0,112,253,253,34,0,0,0,7,206,253,187,0,0,0,0,0,0,0,0,0,0,171,253,253,29,0,0,0,50,244,253,212,23,0,0,85,253,253,135,0,0,0,0,0,0,0,0,0,25,229,253,191,9,0,0,0,0,95,244,253,214,164,136,232,253,253,108,0,0,0,0,0,0,0,0,0,72,253,253,128,0,0,0,0,0,0,148,246,253,253,253,253,253,187,12,0,0,0,0,0,0,0,0,0,154,253,253,47,0,0,0,0,0,0,0,90,252,253,253,253,178,22,0,0,0,0,0,0,0,0,0,69,244,253,188,5,0,0,0,0,0,0,0,0,23,23,23,23,5,0,0,0,0,0,0,0,0,0,0,141,253,253,122,0,0,0,0,0,0,0,0,0,0,0,0,0,0,0,0,0,0,0,0,0,0,0,0,255,253,222,27,0,0,0,0,0,0,0,0,0,0,0,0,0,0,0,0,0,0,0,0,0,0,0,0,254,253,123,0,0,0,0,0,0,0,0,0,0,0,0,0,0,0,0,0,0,0,0,0,0,0,0,0,254,253,82,0,0,0,0,0,0,0,0,0,0,0,0,0,0,0,0,0,0,0,0,0,0,0,0,0,216,203,56,0,0,0,0,0,0,0,0,0,0,0,0,0,0,0,0,0,0,0,0,0,0,0,0,0,19,14,0,0,0,0,0,0,0,0,0,0,0,0,0,0,0,0,0,0,0,0,0,0,0,0,0,0,0,0,0,0,0,0,0,0,0,0,0,0,0,0,0,0,0,0,0,0,0,0,0,0,0,0,0,0,0,0,0,0,0,0,0,0,0,0,0,0,0,0,0,0,0,0,0,0,0,0,0,0,0,0,0,0,0,0,0,0,0,0,0,0,0,0,0,0,0,0,0,0,0,0,0,0,0,0,0
8,0,0,0,0,0,0,0,0,0,0,0,0,0,0,0,0,0,0,0,0,0,0,0,0,0,0,0,0,0,0,0,0,0,0,0,0,0,0,0,0,0,0,0,0,0,0,0,0,0,0,0,0,0,0,0,0,0,0,0,0,0,0,0,0,0,0,0,0,0,0,0,0,0,0,0,0,0,0,0,0,0,0,0,0,0,0,0,0,0,0,0,0,0,0,0,0,0,0,0,0,0,0,0,0,0,0,0,0,0,0,0,0,0,0,0,0,0,0,0,0,0,0,0,0,0,0,0,0,0,0,0,0,0,0,0,0,0,0,0,0,0,0,0,0,0,0,0,0,0,0,0,0,0,0,0,0,0,0,0,0,0,0,0,0,0,0,0,0,0,0,0,0,0,0,0,0,85,64,0,0,0,0,0,0,0,0,0,0,0,0,0,0,0,0,0,0,0,0,0,0,0,0,0,132,248,240,213,56,0,0,0,0,0,0,0,0,0,0,0,0,0,0,0,0,0,0,0,0,0,0,0,240,252,252,252,213,109,25,0,0,0,0,0,0,53,53,0,0,0,0,0,0,0,0,0,0,0,0,26,242,252,252,252,252,252,196,23,0,0,0,49,166,238,238,186,103,23,0,0,0,0,0,0,0,0,0,121,252,252,176,195,252,252,252,127,0,20,97,244,252,252,252,252,252,197,0,0,0,0,0,0,0,0,0,121,252,252,39,25,196,252,252,247,90,204,252,252,252,252,252,252,252,247,76,0,0,0,0,0,0,0,0,121,252,252,39,0,51,248,252,252,252,253,252,240,126,106,106,127,247,252,126,0,0,0,0,0,0,0,0,190,252,252,39,0,0,173,252,252,252,253,195,12,0,0,0,0,160,252,252,0,0,0,0,0,0,0,0,255,253,159,0,0,26,211,253,253,253,255,146,0,0,0,0,0,161,253,253,0,0,0,0,0,0,0,0,253,252,158,0,0,180,252,252,252,252,253,247,81,0,0,0,39,247,252,126,0,0,0,0,0,0,0,0,253,252,193,15,110,245,252,242,163,252,253,252,242,226,122,94,189,252,247,75,0,0,0,0,0,0,0,0,253,252,252,107,216,252,239,153,3,110,173,206,252,252,252,252,252,252,196,0,0,0,0,0,0,0,0,0,253,252,252,252,252,238,86,0,0,0,0,23,102,242,252,252,241,171,22,0,0,0,0,0,0,0,0,0,253,252,252,252,174,52,0,0,0,0,0,0,0,56,66,66,56,0,0,0,0,0,0,0,0,0,0,0,232,252,216,182,25,0,0,0,0,0,0,0,0,0,0,0,0,0,0,0,0,0,0,0,0,0,0,0,44,93,10,30,20,0,0,0,0,0,0,0,0,0,0,0,0,0,0,0,0,0,0,0,0,0,0,0,0,0,0,0,0,0,0,0,0,0,0,0,0,0,0,0,0,0,0,0,0,0,0,0,0,0,0,0,0,0,0,0,0,0,0,0,0,0,0,0,0,0,0,0,0,0,0,0,0,0,0,0,0,0,0,0,0,0,0,0,0,0,0,0,0,0,0,0,0,0,0,0,0,0,0,0,0,0,0,0,0,0,0,0,0,0,0,0,0,0,0,0,0,0,0,0,0,0,0,0,0,0,0,0,0,0,0,0,0,0,0,0,0,0,0,0,0,0,0,0,0,0,0,0,0,0,0,0,0,0,0,0,0,0,0,0,0,0,0,0,0,0,0,0,0,0,0,0,0,0,0,0,0,0,0,0,0,0,0,0,0,0
5,0,0,0,0,0,0,0,0,0,0,0,0,0,0,0,0,0,0,0,0,0,0,0,0,0,0,0,0,0,0,0,0,0,0,0,0,0,0,0,0,0,0,0,0,0,0,0,0,0,0,0,0,0,0,0,0,0,0,0,0,0,0,0,0,0,0,0,0,0,0,0,0,0,0,0,0,0,0,0,0,0,0,0,0,0,0,0,0,0,0,0,0,0,0,0,0,0,0,0,0,0,0,0,0,0,0,0,0,0,0,0,0,0,0,0,0,0,0,0,0,0,0,0,0,0,0,0,0,0,0,0,0,0,0,0,0,0,0,0,0,0,0,0,0,0,0,0,0,0,0,0,0,0,0,0,0,0,0,0,0,0,0,0,0,0,0,0,0,0,0,0,0,0,0,0,0,0,0,0,0,0,0,0,0,0,0,0,0,0,0,0,0,0,0,0,0,0,0,0,0,0,0,0,0,0,0,0,0,0,0,0,0,0,0,0,0,0,0,78,85,14,0,0,0,0,0,0,0,0,0,0,0,0,0,4,22,75,57,4,0,0,0,0,0,0,116,240,252,147,0,0,0,0,0,0,0,0,0,0,0,0,0,139,252,252,252,68,0,0,0,0,0,0,0,57,252,252,0,0,0,0,0,0,0,0,0,0,0,27,194,253,252,208,252,235,0,0,0,0,0,0,0,66,252,252,0,0,0,0,0,0,0,0,0,0,31,218,253,212,27,18,239,253,62,0,0,0,0,0,0,189,253,191,0,0,0,0,0,0,0,0,0,29,213,252,182,27,0,0,133,252,141,0,0,0,0,0,29,239,252,112,0,0,0,0,0,0,0,0,4,99,252,252,42,0,0,0,59,249,232,41,0,0,0,4,142,252,212,21,0,0,0,0,0,0,0,0,114,252,252,252,42,0,0,0,0,211,253,168,0,0,0,69,252,252,84,0,0,0,0,0,0,0,0,0,192,252,252,199,7,0,0,0,0,124,253,239,17,0,45,236,252,190,14,0,0,0,0,0,0,0,0,0,18,120,245,190,0,0,0,0,0,0,175,253,200,104,192,255,204,53,0,0,0,0,0,0,0,0,0,0,0,85,252,189,0,0,0,0,0,0,29,231,252,252,252,239,68,0,0,0,0,0,0,0,0,0,0,0,0,137,252,136,0,0,0,0,0,0,0,130,233,247,231,62,0,0,0,0,0,0,0,0,0,0,0,0,11,206,252,84,0,0,0,0,0,0,0,0,7,63,0,0,0,0,0,0,0,0,0,0,0,0,0,0,43,252,244,49,0,0,0,0,0,0,0,0,0,0,0,0,0,0,0,0,0,0,0,0,0,0,0,0,61,253,170,0,0,0,0,0,0,0,0,0,0,0,0,0,0,0,0,0,0,0,0,0,0,0,0,0,148,252,91,0,0,0,0,0,0,0,0,0,0,0,0,0,0,0,0,0,0,0,0,0,0,0,0,0,148,201,11,0,0,0,0,0,0,0,0,0,0,0,0,0,0,0,0,0,0,0,0,0,0,0,0,0,49,21,0,0,0,0,0,0,0,0,0,0,0,0,0,0,0,0,0,0,0,0,0,0,0,0,0,0,0,0,0,0,0,0,0,0,0,0,0,0,0,0,0,0,0,0,0,0,0,0,0,0,0,0,0,0,0,0,0,0,0,0,0,0,0,0,0,0,0,0,0,0,0,0,0,0,0,0,0,0,0,0,0,0,0,0,0,0,0,0,0,0,0,0,0,0,0,0,0,0,0,0,0,0,0,0,0
6,0,0,0,0,0,0,0,0,0,0,0,0,0,0,0,0,0,0,0,0,0,0,0,0,0,0,0,0,0,0,0,0,0,0,0,0,0,0,0,0,0,0,0,0,0,0,0,0,0,0,0,0,0,0,0,0,0,0,0,0,0,0,0,0,0,0,0,0,0,0,0,0,0,0,0,0,0,0,0,0,0,0,0,0,0,0,0,0,0,0,0,0,0,0,0,0,0,0,0,0,0,0,0,0,0,0,0,0,0,0,0,0,0,0,0,0,0,0,0,0,0,0,0,0,0,0,0,0,0,0,0,0,0,0,0,0,0,0,0,0,0,0,0,0,0,0,0,0,0,0,0,0,0,0,0,0,0,0,0,0,0,0,0,0,0,0,0,0,0,0,0,0,0,0,0,0,0,0,0,0,0,0,0,0,0,0,0,0,0,0,0,0,0,0,0,0,0,0,0,0,0,0,0,0,0,0,0,0,0,0,0,0,0,0,0,0,0,0,0,0,0,0,0,0,0,0,0,0,0,0,0,0,0,0,7,123,169,170,169,169,169,169,108,3,0,0,0,0,0,0,0,0,0,0,0,0,0,0,0,0,0,0,135,252,252,253,252,252,252,252,253,106,0,0,0,0,0,0,0,0,0,0,0,0,0,0,0,0,51,238,253,253,253,255,253,253,253,253,255,253,56,0,0,0,0,0,0,0,0,0,0,0,0,0,10,85,238,252,252,252,252,168,167,89,177,252,253,252,231,75,0,0,0,0,0,0,0,0,0,0,0,13,156,252,253,252,252,214,118,0,0,0,60,252,253,252,252,199,25,0,0,0,0,0,0,0,0,0,0,150,252,252,253,252,214,28,0,0,10,138,224,252,253,252,252,252,128,0,0,0,0,0,0,0,0,0,0,197,252,252,253,127,87,0,0,0,163,252,252,252,253,252,252,252,252,0,0,0,0,0,0,0,0,0,147,253,253,190,0,0,0,0,0,176,253,253,240,63,255,253,253,253,190,0,0,0,0,0,0,0,0,38,234,252,252,112,0,0,0,0,0,253,252,233,71,48,253,252,252,252,112,0,0,0,0,0,0,0,0,144,252,252,252,112,0,0,0,7,135,253,252,164,7,165,253,252,208,180,25,0,0,0,0,0,0,0,0,237,252,214,84,37,0,0,0,10,177,253,252,187,178,252,253,195,19,0,0,0,0,0,0,0,0,0,0,50,237,195,0,0,0,0,0,0,140,253,252,252,252,252,253,167,0,0,0,0,0,0,0,0,0,0,0,0,0,0,0,0,0,0,0,0,79,255,253,253,253,253,204,15,0,0,0,0,0,0,0,0,0,0,0,0,0,0,0,0,0,0,0,0,0,27,152,167,167,167,15,0,0,0,0,0,0,0,0,0,0,0,0,0,0,0,0,0,0,0,0,0,0,0,0,0,0,0,0,0,0,0,0,0,0,0,0,0,0,0,0,0,0,0,0,0,0,0,0,0,0,0,0,0,0,0,0,0,0,0,0,0,0,0,0,0,0,0,0,0,0,0,0,0,0,0,0,0,0,0,0,0,0,0,0,0,0,0,0,0,0,0,0,0,0,0,0,0,0,0,0,0,0,0,0,0,0,0,0,0,0,0,0,0,0,0,0,0,0,0,0,0,0,0,0,0,0,0,0,0,0,0,0,0,0,0,0,0,0,0,0,0,0,0,0,0,0,0,0,0,0,0,0,0,0,0,0,0,0,0,0,0,0,0,0,0,0,0,0,0,0,0,0,0,0,0,0,0
6,0,0,0,0,0,0,0,0,0,0,0,0,0,0,0,0,0,0,0,0,0,0,0,0,0,0,0,0,0,0,0,0,0,0,0,0,0,0,0,0,0,0,0,0,0,0,0,0,0,0,0,0,0,0,0,0,0,0,0,0,0,0,0,0,0,0,0,0,0,0,0,0,0,0,0,0,0,0,0,0,0,0,0,0,0,0,0,0,0,0,0,0,0,0,0,0,0,0,0,0,0,0,0,0,0,0,0,0,0,0,0,0,0,0,0,0,0,0,0,0,0,0,0,0,0,0,0,0,0,0,0,0,0,0,0,0,0,0,0,0,0,0,0,0,0,0,0,0,0,0,0,0,0,0,0,0,0,0,0,0,0,0,0,0,0,0,0,0,0,0,0,0,0,0,0,0,0,0,0,0,0,0,0,0,0,0,0,0,0,0,0,0,0,0,0,0,0,0,0,0,0,0,0,0,0,0,0,0,0,0,4,15,15,15,15,15,16,4,0,0,0,0,0,0,0,0,0,0,0,0,0,0,0,0,0,0,0,121,151,253,253,253,253,253,253,59,0,0,0,0,0,0,0,0,0,0,0,0,0,0,0,40,75,190,224,254,253,253,253,253,253,253,253,204,31,0,0,0,0,0,0,0,0,0,0,0,0,0,4,149,253,253,253,254,253,253,253,253,253,253,253,253,210,0,0,0,0,0,0,0,0,0,0,0,0,40,149,253,253,253,253,254,141,127,253,253,253,253,253,253,253,0,0,0,0,0,0,0,0,0,0,0,0,217,253,253,253,237,75,14,3,69,253,253,253,253,253,253,253,0,0,0,0,0,0,0,0,0,0,12,194,246,253,253,184,49,0,0,47,233,253,253,248,232,253,253,253,0,0,0,0,0,0,0,0,0,0,104,253,253,253,253,75,0,0,0,60,253,253,253,134,134,253,253,253,0,0,0,0,0,0,0,0,0,25,202,254,254,224,0,0,0,0,44,229,254,254,179,13,184,255,254,192,0,0,0,0,0,0,0,0,0,96,253,253,235,82,0,0,0,0,105,253,253,253,72,83,253,253,253,104,0,0,0,0,0,0,0,0,69,238,253,246,80,0,0,0,0,0,105,253,253,175,85,253,253,253,215,37,0,0,0,0,0,0,0,0,176,253,253,133,0,0,0,0,0,0,176,253,246,71,146,253,253,210,31,0,0,0,0,0,0,0,0,0,254,253,253,240,158,0,0,0,0,0,254,253,251,224,250,253,253,120,0,0,0,0,0,0,0,0,0,0,136,248,251,223,69,0,0,0,0,0,254,253,253,253,253,214,74,4,0,0,0,0,0,0,0,0,0,0,0,99,112,0,0,0,0,0,0,0,175,253,253,253,213,35,0,0,0,0,0,0,0,0,0,0,0,0,0,0,0,0,0,0,0,0,0,0,6,14,14,14,10,0,0,0,0,0,0,0,0,0,0,0,0,0,0,0,0,0,0,0,0,0,0,0,0,0,0,0,0,0,0,0,0,0,0,0,0,0,0,0,0,0,0,0,0,0,0,0,0,0,0,0,0,0,0,0,0,0,0,0,0,0,0,0,0,0,0,0,0,0,0,0,0,0,0,0,0,0,0,0,0,0,0,0,0,0,0,0,0,0,0,0,0,0,0,0,0,0,0,0,0,0,0,0,0,0,0,0,0,0,0,0,0,0,0,0,0,0,0,0,0,0,0,0,0,0,0,0,0,0,0,0,0,0,0,0,0,0,0,0,0,0,0,0,0,0,0,0,0,0,0
5,0,0,0,0,0,0,0,0,0,0,0,0,0,0,0,0,0,0,0,0,0,0,0,0,0,0,0,0,0,0,0,0,0,0,0,0,0,0,0,0,0,0,0,0,0,0,0,0,0,0,0,0,0,0,0,0,0,0,0,0,0,0,0,0,0,0,0,0,0,0,0,0,0,0,0,0,0,0,0,0,0,0,0,0,0,0,0,0,0,0,0,0,0,0,0,0,0,0,0,0,0,0,0,0,0,0,0,0,0,0,0,0,0,0,0,0,0,0,0,0,0,0,0,0,0,0,0,0,0,0,0,0,0,0,0,0,0,0,0,0,0,0,0,0,0,0,0,0,0,0,0,0,0,0,0,0,0,0,0,0,0,0,0,0,0,0,0,0,0,0,0,0,0,0,0,0,0,0,0,0,0,0,0,0,0,0,0,0,0,0,0,0,0,0,0,0,0,0,0,0,0,0,0,0,64,255,64,0,0,0,0,0,0,0,0,0,0,0,0,0,0,0,0,0,0,0,0,0,0,0,0,64,255,255,255,191,64,0,0,0,0,0,0,128,128,128,0,0,0,0,0,0,0,0,0,0,0,0,64,255,255,255,255,255,255,128,0,0,0,0,64,255,255,255,0,0,0,0,0,0,0,0,0,0,0,0,128,255,255,255,255,255,255,191,0,0,0,0,0,255,255,255,255,64,0,0,0,0,0,0,0,0,0,0,128,255,255,255,128,191,255,255,191,0,0,0,0,128,64,255,255,128,0,0,0,0,0,0,0,0,0,0,191,255,255,255,64,64,255,255,255,64,0,0,0,0,64,255,255,128,0,0,0,0,0,0,0,0,0,64,255,255,255,128,0,0,191,255,255,128,0,0,0,0,255,255,255,255,0,0,0,0,0,0,0,0,0,191,255,255,255,64,0,0,128,255,255,128,0,0,0,0,255,255,255,255,0,0,0,0,0,0,0,0,64,255,255,255,128,0,0,0,64,255,255,255,0,0,0,0,255,255,255,191,0,0,0,0,0,0,0,0,191,255,255,255,64,0,0,0,0,128,255,255,191,0,0,64,255,255,255,0,0,0,0,0,0,0,0,0,255,255,255,255,0,0,0,0,0,64,255,255,255,64,0,191,255,255,255,0,0,0,0,0,0,0,0,0,255,255,255,191,0,0,0,0,0,0,128,255,255,191,191,255,255,255,255,0,0,0,0,0,0,0,0,0,255,255,255,191,0,0,0,0,0,0,0,255,255,255,255,255,255,255,64,0,0,0,0,0,0,0,0,0,64,128,128,64,0,0,0,0,0,0,0,64,255,255,255,255,255,191,0,0,0,0,0,0,0,0,0,0,0,0,0,0,0,0,0,0,0,0,0,0,128,255,255,255,255,128,0,0,0,0,0,0,0,0,0,0,0,0,0,0,0,0,0,0,0,0,0,0,0,64,255,191,0,0,0,0,0,0,0,0,0,0,0,0,0,0,0,0,0,0,0,0,0,0,0,0,0,0,0,0,0,0,0,0,0,0,0,0,0,0,0,0,0,0,0,0,0,0,0,0,0,0,0,0,0,0,0,0,0,0,0,0,0,0,0,0,0,0,0,0,0,0,0,0,0,0,0,0,0,0,0,0,0,0,0,0,0,0,0,0,0,0,0,0,0,0,0,0,0,0,0,0,0,0,0,0,0,0,0,0,0,0,0,0,0,0,0,0,0,0,0,0,0,0,0,0,0,0,0,0,0,0,0,0,0,0,0,0,0,0,0,0,0,0,0,0,0,0,0,0
7,0,0,0,0,0,0,0,0,0,0,0,0,0,0,0,0,0,0,0,0,0,0,0,0,0,0,0,0,0,0,0,0,0,0,0,0,0,0,0,0,0,0,0,0,0,0,0,0,0,0,0,0,0,0,0,0,0,0,0,0,0,0,0,0,0,0,0,0,0,0,0,0,0,0,0,0,0,0,0,0,0,0,0,0,0,0,0,0,0,0,0,0,0,0,0,0,0,0,0,0,0,0,0,0,0,0,0,0,0,0,0,0,0,0,0,0,0,56,60,0,0,0,0,0,0,0,0,0,0,0,0,0,0,0,0,0,0,0,0,0,0,0,0,0,0,194,251,40,0,0,0,0,0,0,0,0,0,0,0,0,0,0,0,0,0,0,0,0,0,0,0,0,0,118,254,245,50,0,0,0,0,0,0,0,0,0,0,0,0,0,0,0,0,0,0,0,0,0,0,0,0,48,254,254,163,0,0,0,0,0,0,0,0,135,78,0,0,0,0,0,0,0,0,0,0,0,0,0,0,15,215,255,171,0,0,0,0,0,0,0,30,236,245,81,0,0,0,0,0,0,0,0,0,0,0,0,0,0,107,254,245,74,0,0,0,0,0,0,92,254,254,245,72,0,0,0,0,0,0,0,0,0,0,0,0,0,95,254,254,228,0,0,0,0,0,0,146,254,254,254,104,0,0,0,0,0,0,0,0,0,0,0,0,0,95,254,254,228,0,0,0,0,0,0,191,254,254,176,15,0,0,0,0,0,0,0,0,0,0,0,0,0,95,254,254,228,0,0,0,0,0,0,250,254,254,73,0,0,0,0,0,0,0,0,0,0,0,0,0,0,58,251,254,188,0,0,0,0,0,80,254,254,254,186,100,169,203,116,0,0,0,0,0,0,0,0,0,0,0,245,254,227,0,0,0,0,0,117,254,254,254,254,254,254,254,254,165,0,0,0,0,0,0,0,0,0,0,245,254,149,0,0,0,2,89,221,254,254,254,254,254,254,254,254,254,0,0,0,0,0,0,0,0,0,0,189,254,226,10,28,100,223,254,254,254,254,254,245,223,223,223,157,34,0,0,0,0,0,0,0,0,0,0,141,254,254,161,246,254,254,254,254,254,254,200,50,0,0,0,0,0,0,0,0,0,0,0,0,0,0,0,183,254,254,254,254,254,254,254,254,254,166,12,0,0,0,0,0,0,0,0,0,0,0,0,0,0,0,0,141,254,254,254,254,254,254,254,254,254,62,0,0,0,0,0,0,0,0,0,0,0,0,0,0,0,0,0,35,217,245,247,248,176,140,76,120,140,34,0,0,0,0,0,0,0,0,0,0,0,0,0,0,0,0,0,0,0,10,29,39,0,0,0,0,0,0,0,0,0,0,0,0,0,0,0,0,0,0,0,0,0,0,0,0,0,0,0,0,0,0,0,0,0,0,0,0,0,0,0,0,0,0,0,0,0,0,0,0,0,0,0,0,0,0,0,0,0,0,0,0,0,0,0,0,0,0,0,0,0,0,0,0,0,0,0,0,0,0,0,0,0,0,0,0,0,0,0,0,0,0,0,0,0,0,0,0,0,0,0,0,0,0,0,0,0,0,0,0,0,0,0,0,0,0,0,0,0,0,0,0,0,0,0,0,0,0,0,0,0,0,0,0,0,0,0,0,0,0,0,0,0,0,0,0,0,0,0,0,0,0,0,0,0,0,0,0,0,0,0,0,0,0,0,0,0,0,0,0,0,0,0,0,0,0,0,0,0,0,0,0,0,0,0,0
8,0,0,0,0,0,0,0,0,0,0,0,0,0,0,0,0,0,0,0,0,0,0,0,0,0,0,0,0,0,0,0,0,0,0,0,0,0,0,0,0,0,0,0,0,0,0,0,0,0,0,0,0,0,0,0,0,0,0,0,0,0,0,0,0,0,0,0,0,0,0,0,0,0,0,0,0,0,0,0,0,0,0,0,0,0,0,0,0,0,0,0,0,0,0,0,0,0,0,0,0,0,0,0,0,0,0,0,0,0,0,0,0,0,0,0,0,0,0,0,0,0,0,0,0,0,0,0,0,0,0,0,0,0,0,0,0,0,0,0,0,0,0,0,0,0,0,0,0,0,0,0,0,0,0,0,0,0,0,0,0,0,0,0,0,0,0,0,0,0,0,0,0,0,0,0,0,0,0,0,0,0,0,0,0,0,0,0,0,0,0,0,0,0,0,0,0,0,0,0,0,0,0,0,0,0,0,0,0,0,0,0,0,0,0,0,0,0,0,0,0,0,0,0,0,0,0,0,0,0,0,0,0,0,0,0,0,0,0,0,0,0,0,0,35,118,49,7,0,0,0,0,0,0,0,0,0,0,0,0,87,201,123,6,0,0,0,0,0,0,50,140,252,254,254,211,128,7,0,0,0,0,0,0,0,0,0,25,238,254,254,170,34,0,0,0,0,52,235,254,248,194,169,252,254,110,0,0,0,0,0,0,0,0,0,63,254,254,254,254,227,94,0,0,52,236,252,140,31,0,0,115,254,194,0,0,0,0,0,0,0,0,0,45,246,254,247,235,254,253,116,47,221,249,85,0,0,0,0,27,254,254,0,0,0,0,0,0,0,0,0,0,228,254,179,51,235,254,254,248,254,184,0,0,0,0,0,48,254,254,0,0,0,0,0,0,0,0,0,119,242,196,68,0,143,177,251,254,254,203,70,45,18,0,0,132,254,254,0,0,0,0,0,0,0,0,48,247,120,0,0,0,0,71,251,254,254,254,254,254,227,128,134,245,254,169,0,0,0,0,0,0,0,0,171,249,25,0,0,0,43,231,254,191,189,236,249,254,254,254,254,254,231,17,0,0,0,0,0,0,0,0,255,191,0,0,0,42,231,252,177,9,0,0,52,130,215,249,249,199,18,0,0,0,0,0,0,0,0,0,254,191,0,0,44,232,254,154,0,0,0,0,0,0,0,0,0,0,0,0,0,0,0,0,0,0,0,0,255,230,77,124,249,254,178,5,0,0,0,0,0,0,0,0,0,0,0,0,0,0,0,0,0,0,0,0,185,254,254,254,249,69,7,0,0,0,0,0,0,0,0,0,0,0,0,0,0,0,0,0,0,0,0,0,11,89,125,81,32,0,0,0,0,0,0,0,0,0,0,0,0,0,0,0,0,0,0,0,0,0,0,0,0,0,0,0,0,0,0,0,0,0,0,0,0,0,0,0,0,0,0,0,0,0,0,0,0,0,0,0,0,0,0,0,0,0,0,0,0,0,0,0,0,0,0,0,0,0,0,0,0,0,0,0,0,0,0,0,0,0,0,0,0,0,0,0,0,0,0,0,0,0,0,0,0,0,0,0,0,0,0,0,0,0,0,0,0,0,0,0,0,0,0,0,0,0,0,0,0,0,0,0,0,0,0,0,0,0,0,0,0,0,0,0,0,0,0,0,0,0,0,0,0,0,0,0,0,0,0,0,0,0,0,0,0,0,0,0,0,0,0,0,0,0,0,0,0,0,0,0,0,0,0,0,0,0,0,0,0,0,0,0,0,0,0
6,0,0,0,0,0,0,0,0,0,0,0,0,0,0,0,0,0,0,0,0,0,0,0,0,0,0,0,0,0,0,0,0,0,0,0,0,0,0,0,0,0,0,0,0,0,0,0,0,0,0,0,0,0,0,0,0,0,0,0,0,0,0,0,0,0,0,0,0,0,0,0,0,0,0,0,0,0,0,0,0,0,0,0,0,0,0,0,0,0,0,0,0,0,0,0,0,0,0,0,0,0,0,0,0,0,0,0,0,0,0,0,0,0,0,0,0,0,0,0,0,0,0,0,0,0,0,0,0,0,0,0,0,0,0,0,0,0,0,0,0,0,0,0,0,0,0,0,0,0,0,0,0,0,0,0,0,0,0,0,0,0,0,0,0,0,0,0,0,0,0,0,0,0,0,0,0,0,0,0,0,0,0,0,0,0,0,0,0,0,0,0,0,0,0,0,0,0,0,0,0,0,0,0,0,0,0,0,0,0,0,0,0,0,0,0,0,0,0,0,0,0,0,0,0,0,0,0,0,0,0,0,0,0,0,7,57,198,197,197,197,197,198,197,165,19,0,0,0,0,0,0,0,0,0,0,0,0,4,29,29,29,138,178,252,253,252,252,249,223,253,252,252,180,13,0,0,0,0,0,0,0,0,0,126,140,153,252,253,252,252,252,252,253,252,141,99,0,112,158,252,252,112,0,0,0,0,0,0,0,0,176,253,253,253,253,255,253,253,240,140,141,94,0,0,0,0,0,135,253,253,0,0,0,0,0,0,0,0,128,252,252,242,167,168,121,27,24,0,0,0,0,0,0,38,85,122,252,252,0,0,0,0,0,0,0,0,25,55,55,49,0,0,0,0,0,0,0,0,0,132,197,222,201,239,252,252,0,0,0,0,0,0,0,0,0,0,0,0,0,0,0,0,0,0,0,10,60,224,236,162,9,181,252,252,0,0,0,0,0,0,0,0,0,0,0,0,0,0,0,0,0,0,0,85,252,252,112,0,0,135,252,252,0,0,0,0,0,0,0,0,0,0,0,0,0,0,0,0,0,0,51,238,253,162,0,0,38,222,253,112,0,0,0,0,0,0,0,0,0,0,0,0,0,0,0,0,0,48,238,252,201,9,0,0,131,252,226,12,0,0,0,0,0,0,0,0,0,0,0,0,0,0,0,0,7,165,253,233,74,0,0,89,246,252,192,0,0,0,0,0,0,0,0,0,0,0,0,0,0,0,0,0,29,252,253,167,0,4,29,207,252,214,28,0,0,0,0,0,0,0,0,0,0,0,0,0,0,0,0,0,29,252,253,167,0,107,252,253,252,118,0,0,0,0,0,0,0,0,0,0,0,0,0,0,0,0,0,0,0,79,255,253,253,253,253,255,106,0,0,0,0,0,0,0,0,0,0,0,0,0,0,0,0,0,0,0,0,0,90,243,252,252,252,106,3,0,0,0,0,0,0,0,0,0,0,0,0,0,0,0,0,0,0,0,0,0,0,50,55,55,55,0,0,0,0,0,0,0,0,0,0,0,0,0,0,0,0,0,0,0,0,0,0,0,0,0,0,0,0,0,0,0,0,0,0,0,0,0,0,0,0,0,0,0,0,0,0,0,0,0,0,0,0,0,0,0,0,0,0,0,0,0,0,0,0,0,0,0,0,0,0,0,0,0,0,0,0,0,0,0,0,0,0,0,0,0,0,0,0,0,0,0,0,0,0,0,0,0,0,0,0,0,0,0,0,0,0,0,0,0,0,0,0,0,0,0,0,0,0,0,0,0,0,0
7,0,0,0,0,0,0,0,0,0,0,0,0,0,0,0,0,0,0,0,0,0,0,0,0,0,0,0,0,0,0,0,0,0,0,0,0,19,221,44,0,0,0,0,0,0,0,0,0,0,0,0,0,0,0,0,0,0,0,0,0,0,0,0,0,111,253,44,0,0,0,0,0,0,0,0,0,0,0,0,0,0,0,0,0,0,0,0,0,0,0,0,0,144,253,44,0,0,0,0,0,0,0,0,0,0,0,0,0,0,0,0,0,0,0,0,0,0,0,0,0,144,253,44,0,0,0,0,0,0,0,0,0,0,0,0,0,0,0,0,0,0,0,0,0,0,0,0,0,144,253,44,0,0,0,0,0,0,0,0,0,0,0,0,0,0,0,0,0,0,0,0,0,0,0,0,0,144,253,44,0,0,0,0,0,0,0,0,0,0,0,0,0,0,0,0,0,0,0,0,0,0,0,0,0,144,253,44,0,0,0,0,0,0,0,0,0,0,0,0,0,0,0,0,0,0,0,0,0,0,0,0,0,144,253,44,0,0,0,0,0,0,0,0,0,0,0,0,0,0,0,0,0,0,0,0,0,0,0,0,0,144,253,44,0,0,0,0,0,0,0,0,0,0,0,0,0,0,0,0,0,0,0,0,0,0,0,0,0,144,253,44,0,0,0,0,0,0,0,0,0,0,0,0,0,0,0,0,0,0,0,0,0,0,0,0,0,144,255,44,0,0,0,0,0,0,0,0,0,0,0,0,0,0,0,0,0,0,0,0,0,0,0,0,0,144,253,44,0,0,0,0,0,0,0,0,0,0,0,0,0,0,0,0,0,0,0,0,0,0,0,0,0,144,253,135,0,0,0,0,0,0,0,0,0,0,0,0,0,0,0,0,0,0,0,0,0,0,0,0,0,134,253,154,0,0,0,0,0,0,0,0,0,0,0,0,0,0,0,0,0,0,0,0,0,0,0,0,0,82,253,154,0,0,0,0,0,0,0,0,0,0,0,0,0,0,0,0,0,0,0,0,0,0,0,0,0,34,253,154,0,0,0,0,16,89,89,90,118,199,199,199,199,146,74,0,0,0,0,0,0,0,0,0,0,34,253,245,127,194,232,232,236,253,253,255,253,253,253,253,253,253,250,232,135,0,0,0,0,0,0,0,0,34,253,253,253,253,253,253,226,209,161,100,99,99,99,99,99,153,253,253,253,0,0,0,0,0,0,0,0,149,253,223,176,176,90,66,26,0,0,0,0,0,0,0,0,3,85,176,128,0,0,0,0,0,0,0,0,254,253,106,0,0,0,0,0,0,0,0,0,0,0,0,0,0,0,0,0,0,0,0,0,0,0,0,0,0,0,0,0,0,0,0,0,0,0,0,0,0,0,0,0,0,0,0,0,0,0,0,0,0,0,0,0,0,0,0,0,0,0,0,0,0,0,0,0,0,0,0,0,0,0,0,0,0,0,0,0,0,0,0,0,0,0,0,0,0,0,0,0,0,0,0,0,0,0,0,0,0,0,0,0,0,0,0,0,0,0,0,0,0,0,0,0,0,0,0,0,0,0,0,0,0,0,0,0,0,0,0,0,0,0,0,0,0,0,0,0,0,0,0,0,0,0,0,0,0,0,0,0,0,0,0,0,0,0,0,0,0,0,0,0,0,0,0,0,0,0,0,0,0,0,0,0,0,0,0,0,0,0,0,0,0,0,0,0,0,0,0,0,0,0,0,0,0,0,0,0,0,0,0,0,0,0,0,0,0,0,0,0,0,0,0,0
8,0,0,0,0,0,0,0,0,0,0,0,0,0,0,0,0,0,0,0,0,0,0,0,0,0,0,0,0,0,0,0,0,0,0,0,0,0,0,0,0,0,0,0,0,0,0,0,0,0,0,0,0,0,0,0,0,0,0,0,0,0,0,0,0,0,0,0,0,0,0,0,0,0,0,0,0,0,0,0,0,0,0,0,0,0,0,0,0,0,0,0,0,0,0,0,0,0,0,0,0,0,0,0,0,0,0,0,0,0,0,0,0,0,0,0,0,0,0,0,0,0,0,0,0,0,0,0,0,0,0,0,0,0,0,0,0,0,0,0,0,0,0,0,0,0,0,0,0,0,0,0,0,0,0,0,0,0,0,0,0,0,0,0,0,0,0,0,0,0,0,0,0,0,0,0,0,0,0,0,0,0,0,0,0,0,0,0,0,0,0,0,0,0,0,0,0,0,0,0,0,0,0,0,0,0,0,0,0,0,0,0,0,0,0,0,0,0,0,0,0,0,0,0,0,0,0,0,0,0,0,0,0,0,2,153,222,222,222,199,29,1,0,0,0,0,0,0,0,0,0,0,0,0,0,0,0,0,0,0,0,26,157,253,253,253,253,253,253,81,0,0,24,44,26,0,0,0,0,0,0,0,0,0,0,0,0,0,39,228,253,250,172,90,168,253,253,204,54,82,219,253,227,129,24,0,0,0,0,0,0,0,0,0,0,4,212,253,250,94,0,0,9,206,253,251,245,253,243,243,247,253,175,7,0,0,0,0,0,0,0,0,0,76,253,253,172,0,0,0,0,55,253,253,253,193,4,0,40,251,253,145,0,0,0,0,0,0,0,0,30,212,253,239,68,0,0,0,6,168,253,253,253,189,4,0,0,249,253,228,0,0,0,0,0,0,0,0,137,253,253,157,0,0,0,43,179,253,253,253,253,253,164,6,0,203,253,253,0,0,0,0,0,0,0,0,216,253,253,102,0,0,34,168,253,253,171,101,212,253,253,118,99,252,253,230,0,0,0,0,0,0,0,0,255,253,251,59,0,4,192,253,253,234,34,0,39,236,253,253,253,253,253,60,0,0,0,0,0,0,0,0,245,253,253,161,6,123,253,253,245,51,0,0,0,13,74,203,235,218,48,3,0,0,0,0,0,0,0,0,50,86,132,86,102,245,253,196,81,0,0,0,0,0,0,22,15,0,0,0,0,0,0,0,0,0,0,0,0,0,0,59,214,253,235,57,0,0,0,0,0,0,0,0,0,0,0,0,0,0,0,0,0,0,0,0,0,0,15,206,253,236,50,0,0,0,0,0,0,0,0,0,0,0,0,0,0,0,0,0,0,0,0,0,0,0,141,253,253,107,0,0,0,0,0,0,0,0,0,0,0,0,0,0,0,0,0,0,0,0,0,0,0,0,222,253,186,5,0,0,0,0,0,0,0,0,0,0,0,0,0,0,0,0,0,0,0,0,0,0,0,0,7,95,3,0,0,0,0,0,0,0,0,0,0,0,0,0,0,0,0,0,0,0,0,0,0,0,0,0,0,0,0,0,0,0,0,0,0,0,0,0,0,0,0,0,0,0,0,0,0,0,0,0,0,0,0,0,0,0,0,0,0,0,0,0,0,0,0,0,0,0,0,0,0,0,0,0,0,0,0,0,0,0,0,0,0,0,0,0,0,0,0,0,0,0,0,0,0,0,0,0,0,0,0,0,0,0,0,0,0,0,0,0,0,0,0,0,0,0,0,0,0,0,0,0,0,0,0,0,0,0,0,0,0
2,0,0,0,0,0,0,0,0,0,0,0,0,0,0,0,0,0,0,0,0,0,0,0,0,0,0,0,0,0,0,0,0,0,0,0,0,0,0,0,0,0,0,0,0,0,0,0,0,0,0,0,0,0,0,0,0,0,0,0,0,0,0,0,0,0,0,0,0,0,0,0,0,0,0,0,0,0,0,0,0,0,0,0,0,0,0,0,0,0,0,0,0,0,0,0,0,0,0,0,0,0,0,0,0,0,0,0,0,0,0,0,0,0,0,0,0,0,0,0,0,0,0,0,0,0,0,0,2,17,149,180,180,85,12,0,0,0,0,0,0,0,0,0,0,0,0,0,0,0,0,0,0,0,0,0,95,253,253,253,253,253,179,0,0,0,0,0,0,0,0,0,0,0,0,0,0,0,0,0,0,0,0,13,197,253,248,220,249,253,237,70,0,0,0,0,0,0,0,0,0,0,0,0,0,0,0,0,0,0,5,174,253,253,132,0,222,253,253,89,0,0,0,0,0,0,0,0,0,0,0,0,25,50,23,0,0,0,9,253,253,156,8,0,222,253,253,89,0,0,0,0,0,0,0,0,0,0,0,19,195,253,190,13,0,0,9,253,253,138,0,73,239,253,253,89,0,0,0,0,0,0,0,0,0,5,66,196,253,197,187,18,0,0,7,213,253,138,11,163,253,253,186,9,0,0,0,0,0,0,0,0,0,17,253,253,177,16,0,0,0,0,6,194,253,138,42,253,253,253,78,0,0,0,0,0,0,0,0,0,30,200,253,189,88,0,0,0,0,0,1,103,253,250,141,253,253,205,10,0,0,0,0,0,0,0,0,0,91,253,249,55,0,0,0,0,0,0,0,99,253,253,253,253,253,106,0,0,0,0,0,0,0,0,0,0,154,253,146,0,0,0,0,0,0,0,0,99,253,253,253,253,230,65,0,0,0,0,0,0,0,0,0,0,254,253,146,0,0,0,0,0,0,0,0,99,253,253,253,253,195,0,0,0,0,0,0,0,0,0,0,0,254,253,195,26,0,0,0,0,0,0,79,169,253,253,253,253,221,116,116,41,0,0,0,0,0,0,0,0,255,253,253,83,0,0,23,42,42,201,238,253,253,253,253,253,253,253,253,116,0,0,0,0,0,0,0,0,169,253,253,237,131,131,198,253,253,253,253,253,240,122,122,190,253,253,253,253,0,0,0,0,0,0,0,0,12,189,253,253,253,253,253,253,253,253,253,230,70,0,0,102,195,229,253,215,0,0,0,0,0,0,0,0,0,76,167,253,253,253,253,253,253,205,106,65,0,0,0,0,0,62,106,37,0,0,0,0,0,0,0,0,0,0,7,37,179,179,179,30,15,10,0,0,0,0,0,0,0,0,0,0,0,0,0,0,0,0,0,0,0,0,0,0,0,0,0,0,0,0,0,0,0,0,0,0,0,0,0,0,0,0,0,0,0,0,0,0,0,0,0,0,0,0,0,0,0,0,0,0,0,0,0,0,0,0,0,0,0,0,0,0,0,0,0,0,0,0,0,0,0,0,0,0,0,0,0,0,0,0,0,0,0,0,0,0,0,0,0,0,0,0,0,0,0,0,0,0,0,0,0,0,0,0,0,0,0,0,0,0,0,0,0,0,0,0,0,0,0,0,0,0,0,0,0,0,0,0,0,0,0,0,0,0,0,0,0,0,0,0,0,0,0,0,0,0,0,0,0,0,0,0,0,0,0,0,0,0,0,0,0,0,0,0,0,0,0,0,0,0,0,0,0,0,0
0,0,0,0,0,0,0,0,0,0,0,0,0,0,0,0,0,0,0,0,0,0,0,0,0,0,0,0,0,0,0,0,0,0,0,0,0,0,0,0,0,0,0,0,0,0,0,0,0,0,0,0,0,0,0,0,0,0,0,0,0,0,0,0,0,0,0,0,0,0,0,0,0,0,0,0,0,0,0,0,0,0,0,0,0,0,0,0,0,0,0,0,0,0,0,0,0,0,0,0,0,0,0,0,0,0,0,0,0,0,0,0,0,0,0,0,0,0,0,0,0,0,0,0,0,0,0,0,0,0,0,0,0,0,0,0,0,0,0,0,0,0,0,0,0,0,0,0,0,0,0,0,0,0,0,0,0,0,0,0,0,0,0,0,0,0,0,0,0,0,0,0,0,0,0,0,0,0,0,0,0,0,0,0,0,0,0,0,0,0,0,0,0,0,0,0,0,0,0,0,0,0,0,0,0,0,0,0,0,0,0,0,0,0,15,4,0,0,0,0,0,0,0,0,0,0,0,0,0,0,0,0,0,0,0,0,0,0,0,38,143,169,225,182,169,133,6,0,0,0,0,0,0,0,0,0,0,0,0,0,0,0,0,0,54,106,150,236,252,252,252,252,253,252,161,80,0,0,0,0,0,0,0,0,0,0,0,0,0,0,25,78,245,253,253,247,211,202,106,106,219,253,253,227,25,0,0,0,0,0,0,0,0,0,0,0,0,71,227,252,252,252,137,53,0,0,0,0,11,127,252,252,77,0,0,0,0,0,0,0,0,0,0,20,197,249,253,201,73,21,4,0,0,0,0,0,0,7,181,252,191,0,0,0,0,0,0,0,0,0,84,211,252,252,84,21,0,0,0,0,0,0,0,0,0,0,127,252,217,0,0,0,0,0,0,0,0,80,242,252,226,59,0,0,0,0,0,0,0,0,0,0,0,0,127,252,208,0,0,0,0,0,0,0,0,210,253,241,35,0,0,0,0,0,0,0,0,0,0,0,0,15,237,253,129,0,0,0,0,0,0,0,0,138,252,247,63,0,0,0,0,0,0,0,0,0,0,0,0,121,252,252,42,0,0,0,0,0,0,0,0,4,186,252,212,30,0,0,0,0,0,0,0,0,0,0,48,247,251,91,4,0,0,0,0,0,0,0,0,0,28,239,252,217,152,16,0,0,0,0,0,0,16,152,218,252,134,0,0,0,0,0,0,0,0,0,0,0,0,92,173,252,253,221,158,106,106,107,106,158,221,252,253,173,12,0,0,0,0,0,0,0,0,0,0,0,0,0,0,89,212,211,232,253,253,255,253,253,243,211,132,0,0,0,0,0,0,0,0,0,0,0,0,0,0,0,0,0,0,0,32,63,107,168,132,63,47,0,0,0,0,0,0,0,0,0,0,0,0,0,0,0,0,0,0,0,0,0,0,0,0,0,0,0,0,0,0,0,0,0,0,0,0,0,0,0,0,0,0,0,0,0,0,0,0,0,0,0,0,0,0,0,0,0,0,0,0,0,0,0,0,0,0,0,0,0,0,0,0,0,0,0,0,0,0,0,0,0,0,0,0,0,0,0,0,0,0,0,0,0,0,0,0,0,0,0,0,0,0,0,0,0,0,0,0,0,0,0,0,0,0,0,0,0,0,0,0,0,0,0,0,0,0,0,0,0,0,0,0,0,0,0,0,0,0,0,0,0,0,0,0,0,0,0,0,0,0,0,0,0,0,0,0,0,0,0,0,0,0,0,0,0,0,0,0,0,0,0,0,0,0,0,0,0,0
5,0,0,0,0,0,0,0,0,0,0,0,0,0,0,0,0,0,0,0,0,0,0,0,0,0,0,0,0,0,0,0,0,0,0,0,0,0,0,0,0,0,0,0,0,0,0,0,0,0,0,0,0,0,0,0,0,0,0,0,0,0,0,0,0,0,0,0,0,0,0,0,0,0,0,0,0,0,0,0,0,0,0,0,0,0,0,0,0,0,0,0,0,0,0,0,0,0,0,0,0,0,0,0,0,0,0,0,0,0,0,0,0,0,0,0,0,0,0,0,0,0,0,0,0,0,0,0,0,0,0,0,0,0,0,0,0,0,0,0,0,0,0,0,0,0,0,0,0,0,0,0,0,0,0,0,0,0,0,0,0,0,0,0,0,0,0,0,0,0,0,0,0,0,0,0,0,0,0,0,0,0,0,0,0,0,0,0,0,0,0,0,0,0,0,0,0,0,0,0,0,0,0,0,0,0,0,0,0,0,0,0,9,78,240,66,0,12,162,211,19,0,0,0,0,0,0,0,0,0,0,0,0,0,0,0,0,0,0,124,200,254,254,116,0,0,48,224,216,55,0,0,0,0,0,0,0,0,0,0,0,0,0,0,1,73,151,252,254,254,187,11,0,0,0,71,253,125,0,0,0,0,0,0,0,0,0,0,0,1,44,44,145,254,240,214,254,254,60,0,0,0,0,0,250,184,0,0,0,0,0,0,0,0,0,0,0,122,254,254,254,204,68,17,254,254,16,0,0,0,0,0,250,184,0,0,0,0,0,0,0,0,0,0,69,251,254,211,38,10,0,17,254,171,2,0,0,0,0,98,254,87,0,0,0,0,0,0,0,0,0,0,77,254,160,25,0,0,0,17,254,162,0,0,0,38,158,238,234,29,0,0,0,0,0,0,0,0,0,0,114,254,103,0,0,0,0,11,223,194,88,88,175,227,254,219,100,0,0,0,0,0,0,0,0,0,0,0,178,252,53,0,0,0,0,0,107,238,240,251,238,238,164,31,0,0,0,0,0,0,0,0,0,0,0,0,100,249,0,0,0,0,0,0,0,0,8,71,0,0,0,0,0,0,0,0,0,0,0,0,0,0,0,0,185,249,0,0,0,0,0,0,0,0,0,0,0,0,0,0,0,0,0,0,0,0,0,0,0,0,0,20,221,193,0,0,0,0,0,0,0,0,0,0,0,0,0,0,0,0,0,0,0,0,0,0,0,0,0,30,238,166,0,0,0,0,0,0,0,0,0,0,0,0,0,0,0,0,0,0,0,0,0,0,0,0,0,0,185,249,0,0,0,0,0,0,0,0,0,0,0,0,0,0,0,0,0,0,0,0,0,0,0,0,0,0,185,249,0,0,0,0,0,0,0,0,0,0,0,0,0,0,0,0,0,0,0,0,0,0,0,0,0,0,185,249,0,0,0,0,0,0,0,0,0,0,0,0,0,0,0,0,0,0,0,0,0,0,0,0,0,0,138,254,86,0,0,0,0,0,0,0,0,0,0,0,0,0,0,0,0,0,0,0,0,0,0,0,0,0,138,254,90,0,0,0,0,0,0,0,0,0,0,0,0,0,0,0,0,0,0,0,0,0,0,0,0,0,185,249,0,0,0,0,0,0,0,0,0,0,0,0,0,0,0,0,0,0,0,0,0,0,0,0,0,0,138,156,0,0,0,0,0,0,0,0,0,0,0,0,0,0,0,0,0,0,0,0,0,0,0,0,0,0,0,0,0,0,0,0,0,0,0,0,0,0,0,0,0,0,0,0,0,0,0
5,0,0,0,0,0,0,0,0,0,0,0,0,0,0,0,0,0,0,0,0,0,0,0,0,0,0,0,0,0,0,0,0,0,0,0,0,0,0,0,0,0,0,0,0,0,0,0,0,0,0,0,0,0,0,0,0,0,0,0,0,0,0,0,0,0,0,0,0,0,0,0,0,0,0,0,0,0,0,0,0,0,0,0,0,0,0,0,0,0,0,0,0,0,0,0,0,0,0,0,0,0,0,0,0,0,0,0,0,0,0,0,0,0,0,0,0,0,0,0,0,0,0,0,0,0,0,0,0,0,0,0,0,0,0,0,0,0,0,0,0,0,0,0,0,0,0,0,0,0,0,0,0,0,0,0,0,0,0,0,0,5,8,0,0,0,0,0,0,0,0,0,0,0,0,0,0,0,0,0,0,11,82,12,0,0,0,0,0,85,211,93,2,0,0,0,0,0,0,0,0,0,0,0,0,0,0,13,37,187,252,197,16,0,0,0,0,32,230,252,29,0,0,0,0,0,0,0,0,0,0,0,0,0,0,108,252,252,252,245,36,0,0,0,0,0,217,252,131,0,0,0,0,0,0,0,0,0,0,0,0,0,81,239,252,252,252,247,52,0,0,0,0,0,217,252,218,0,0,0,0,0,0,0,0,0,0,0,0,18,210,252,252,252,252,250,83,0,0,0,0,65,244,252,252,0,0,0,0,0,0,0,0,0,0,0,0,101,252,252,220,204,252,253,108,0,0,0,0,85,252,252,212,0,0,0,0,0,0,0,0,0,0,0,42,242,252,220,39,109,252,253,153,0,0,0,28,206,252,252,131,0,0,0,0,0,0,0,0,0,0,0,28,221,221,96,0,62,247,253,250,87,0,0,125,252,252,252,80,0,0,0,0,0,0,0,0,0,0,0,0,95,37,0,0,0,241,253,252,153,0,58,250,252,252,200,6,0,0,0,0,0,0,0,0,0,0,25,213,195,3,0,0,0,122,255,253,253,172,219,253,253,202,11,0,0,0,0,0,0,0,0,0,0,84,211,252,252,60,0,0,0,52,253,252,252,252,252,252,244,84,0,0,0,0,0,0,0,0,0,0,2,160,252,252,197,23,0,0,0,0,161,252,252,252,252,242,87,0,0,0,0,0,0,0,0,0,0,0,36,252,252,252,72,0,0,0,0,0,10,204,204,204,204,88,0,0,0,0,0,0,0,0,0,0,0,0,132,252,252,217,21,0,0,0,0,0,0,0,0,0,0,0,0,0,0,0,0,0,0,0,0,0,0,0,132,252,252,169,0,0,0,0,0,0,0,0,0,0,0,0,0,0,0,0,0,0,0,0,0,0,0,0,132,252,252,84,0,0,0,0,0,0,0,0,0,0,0,0,0,0,0,0,0,0,0,0,0,0,0,0,237,252,221,12,0,0,0,0,0,0,0,0,0,0,0,0,0,0,0,0,0,0,0,0,0,0,0,0,143,252,164,0,0,0,0,0,0,0,0,0,0,0,0,0,0,0,0,0,0,0,0,0,0,0,0,0,6,11,5,0,0,0,0,0,0,0,0,0,0,0,0,0,0,0,0,0,0,0,0,0,0,0,0,0,0,0,0,0,0,0,0,0,0,0,0,0,0,0,0,0,0,0,0,0,0,0,0,0,0,0,0,0,0,0,0,0,0,0,0,0,0,0,0,0,0,0,0,0,0,0,0,0,0,0,0,0,0,0,0,0,0,0,0,0,0,0,0,0,0,0,0,0,0,0,0,0,0,0,0,0,0,0,0,0
6,0,0,0,0,0,0,0,0,0,0,0,0,0,0,0,0,0,0,0,0,0,0,0,0,0,0,0,0,0,0,0,0,0,0,0,0,0,0,0,0,0,0,0,0,0,0,0,0,0,0,0,0,0,0,0,0,0,0,0,0,0,0,0,0,0,0,0,0,0,0,0,0,0,0,0,0,0,0,0,0,0,0,0,0,0,0,0,0,0,0,0,0,0,0,0,0,0,0,0,0,0,0,0,0,0,0,0,0,0,0,0,0,0,0,0,0,0,0,0,0,0,0,0,0,0,0,0,0,0,0,0,0,0,0,0,0,0,0,0,0,0,0,0,0,0,0,0,0,0,0,0,0,0,0,0,0,0,0,0,0,0,0,0,0,0,0,0,0,0,0,0,0,0,0,0,0,0,0,0,0,0,0,0,0,0,0,0,0,0,0,0,0,0,0,0,0,0,0,0,0,0,0,0,0,0,0,0,0,0,0,0,0,0,0,0,0,0,0,0,0,0,0,0,0,0,0,0,0,0,0,34,66,66,66,66,66,66,66,66,59,0,0,0,0,0,0,0,0,0,0,0,0,0,13,21,21,108,189,238,254,254,254,254,254,254,254,254,251,220,167,39,0,0,0,0,0,0,0,0,0,0,224,254,254,254,254,254,254,254,254,254,254,237,179,230,254,254,254,226,36,0,0,0,0,0,0,0,0,0,186,224,224,137,56,25,25,25,25,25,25,19,0,17,25,56,233,254,223,40,0,0,0,0,0,0,0,0,0,0,0,0,0,0,0,0,0,0,0,0,0,0,0,0,37,174,254,154,0,0,0,0,0,0,0,0,0,0,0,0,0,0,0,0,0,0,0,0,0,0,0,0,0,91,254,154,0,0,0,0,0,0,0,0,0,0,0,0,0,0,0,0,0,0,0,0,0,0,0,0,0,91,254,231,0,0,0,0,0,0,0,0,0,0,0,0,0,0,0,0,0,0,0,0,0,0,45,122,203,252,254,215,0,0,0,0,0,0,0,0,0,0,0,0,0,0,0,0,0,0,0,0,0,32,237,254,252,251,254,254,0,0,0,0,0,0,0,0,0,0,0,0,0,0,0,0,0,0,0,0,10,223,254,236,52,115,254,231,0,0,0,0,0,0,0,0,0,0,0,0,0,0,0,0,0,0,0,0,67,254,188,27,3,194,252,145,0,0,0,0,0,0,0,0,0,0,0,0,0,0,0,0,0,0,0,0,215,254,129,0,63,254,182,0,0,0,0,0,0,0,0,0,0,0,0,0,0,0,0,0,0,0,0,0,215,254,41,50,194,246,60,0,0,0,0,0,0,0,0,0,0,0,0,0,0,0,0,0,0,0,0,0,144,254,189,233,243,74,0,0,0,0,0,0,0,0,0,0,0,0,0,0,0,0,0,0,0,0,0,0,21,243,251,219,71,0,0,0,0,0,0,0,0,0,0,0,0,0,0,0,0,0,0,0,0,0,0,0,0,44,58,0,0,0,0,0,0,0,0,0,0,0,0,0,0,0,0,0,0,0,0,0,0,0,0,0,0,0,0,0,0,0,0,0,0,0,0,0,0,0,0,0,0,0,0,0,0,0,0,0,0,0,0,0,0,0,0,0,0,0,0,0,0,0,0,0,0,0,0,0,0,0,0,0,0,0,0,0,0,0,0,0,0,0,0,0,0,0,0,0,0,0,0,0,0,0,0,0,0,0,0,0,0,0,0,0,0,0,0,0,0,0,0,0,0,0,0,0,0,0,0,0,0,0,0
6,0,0,0,0,0,0,0,0,0,0,0,0,0,0,0,0,0,0,0,0,0,0,0,0,0,0,0,0,0,0,0,0,0,0,0,0,0,0,0,0,0,0,0,0,0,0,0,0,0,0,0,0,0,0,0,0,0,0,0,0,0,0,0,0,0,0,0,0,0,0,0,0,0,0,0,0,0,0,0,0,0,0,0,0,0,0,0,0,0,0,0,0,0,0,0,0,0,0,0,0,0,0,0,0,0,0,0,0,0,0,0,0,0,0,0,0,0,0,0,0,0,0,0,0,0,0,0,0,0,0,0,0,0,0,0,0,0,0,0,0,0,0,0,0,0,0,0,0,0,0,0,0,0,0,0,0,0,0,0,0,0,0,0,0,0,0,0,0,0,0,0,0,0,0,0,0,0,0,0,0,0,0,0,0,9,77,77,2,0,0,0,0,0,0,0,0,0,0,0,0,0,0,0,0,0,0,0,0,0,10,115,202,226,254,254,209,83,0,0,0,0,0,0,0,0,0,0,0,0,0,0,0,0,0,0,0,16,109,254,254,254,254,254,254,226,41,0,0,0,0,0,0,0,0,0,0,0,0,0,0,0,0,0,18,191,254,254,254,254,254,254,254,254,146,0,0,0,0,0,0,0,0,0,0,0,0,0,0,0,0,118,234,254,179,27,27,94,61,161,254,254,243,0,0,0,0,0,0,0,0,0,0,0,0,0,0,0,75,247,244,120,6,0,19,219,0,0,183,254,254,0,0,0,0,0,0,0,0,0,0,0,0,0,0,75,241,249,86,0,0,0,135,143,0,0,141,254,217,0,0,0,0,0,0,0,0,0,0,0,0,0,71,247,249,84,0,0,0,0,207,112,0,0,42,254,239,0,0,0,0,0,0,0,0,0,0,0,0,76,245,244,86,0,0,0,0,0,207,10,0,0,33,254,146,0,0,0,0,0,0,0,0,0,0,0,75,241,206,44,0,0,0,0,0,94,244,10,0,0,33,254,60,0,0,0,0,0,0,0,0,0,0,59,205,213,66,0,0,0,0,0,0,162,204,5,0,0,135,254,84,0,0,0,0,0,0,0,0,0,18,194,244,86,0,0,0,0,0,0,0,168,221,7,0,0,213,238,29,0,0,0,0,0,0,0,0,15,191,254,169,0,0,0,0,0,0,0,18,238,254,10,0,85,254,184,0,0,0,0,0,0,0,0,0,142,254,191,4,0,0,0,0,0,0,0,22,254,254,187,136,231,251,72,0,0,0,0,0,0,0,0,0,175,254,67,0,0,0,0,0,0,0,0,22,254,254,254,255,254,194,0,0,0,0,0,0,0,0,0,0,152,119,6,0,0,0,0,0,0,0,0,4,183,254,254,254,212,68,0,0,0,0,0,0,0,0,0,0,0,0,0,0,0,0,0,0,0,0,0,0,101,222,222,194,21,0,0,0,0,0,0,0,0,0,0,0,0,0,0,0,0,0,0,0,0,0,0,0,0,0,0,0,0,0,0,0,0,0,0,0,0,0,0,0,0,0,0,0,0,0,0,0,0,0,0,0,0,0,0,0,0,0,0,0,0,0,0,0,0,0,0,0,0,0,0,0,0,0,0,0,0,0,0,0,0,0,0,0,0,0,0,0,0,0,0,0,0,0,0,0,0,0,0,0,0,0,0,0,0,0,0,0,0,0,0,0,0,0,0,0,0,0,0,0,0,0,0,0,0,0,0,0,0,0,0,0,0,0,0,0,0,0,0,0,0,0,0,0,0,0,0,0,0,0
